model,dataset,tuning,imbalance,n_folds,oof_auc,oof_pr_auc,mean_fold_auc,std_fold_auc,runtime_s,n_samples,prevalence,auc,pr_auc,accuracy,precision,recall,f1,threshold,feature_set,scenario,minority_pct
catboost,cleveland,competition,native,10,0.8885111423056676,0.8774934984269906,0.9325650452488687,0.03789928813620233,18.39,303,45.9,0.8885111423056676,0.8774934984269906,0.8481848184818482,0.849624060150376,0.8129496402877698,0.8308823529411765,0.49103175459395104,,,
catboost,cleveland,competition,smote,10,0.8791235304439375,0.8708064068193736,0.9343507595345832,0.03638017220055156,18.29,303,45.9,0.8791235304439375,0.8708064068193736,0.8382838283828383,0.8461538461538461,0.7913669064748201,0.8178438661710037,0.4945860264966699,raw,3.0,
catboost,cleveland,dataset,native,10,0.8747148622565363,0.865647841574688,0.928133080155139,0.04235586264004655,440.28,303,45.9,0.8747148622565363,0.865647841574688,0.8448844884488449,0.8650793650793651,0.7841726618705036,0.8226415094339623,0.4998274115200012,,,
catboost,cleveland,dataset,smote,10,0.8697139849096333,0.8613295199014589,0.9380797511312217,0.0331262292416617,456.79,303,45.9,0.8697139849096333,0.8613295199014589,0.8217821782178217,0.8148148148148148,0.7913669064748201,0.8029197080291971,0.4961682781515653,,,
catboost,cleveland,default,native,10,0.8959466573082997,0.887287370754908,0.9254363283775048,0.034490369366739285,5.88,303,45.9,0.8959466573082997,0.887287370754908,0.8415841584158416,0.8421052631578947,0.8057553956834532,0.8235294117647058,0.5485735637170048,,,
catboost,cleveland,default,smote,10,0.896165994034041,0.8886213467111621,0.9295531674208144,0.032650291495475936,5.93,303,45.9,0.896165994034041,0.8886213467111621,0.8415841584158416,0.8421052631578947,0.8057553956834532,0.8235294117647058,0.5127107671008052,,,
catboost,hungarian,competition,native,10,0.8685266961059815,0.7965055787514304,0.9183838383838383,0.0470549067671338,33.67,294,,0.8685266961059815,0.7965055787514304,0.8299319727891157,0.78,0.7358490566037735,0.7572815533980582,0.4949534247944421,raw,3.0,36.05
catboost,hungarian,competition,smote,10,0.876881774387796,0.829038671487356,0.9150956937799043,0.04592085481356953,39.58,294,,0.876881774387796,0.829038671487356,0.8367346938775511,0.7959183673469388,0.7358490566037735,0.7647058823529411,0.49685605939626815,raw,3.0,36.05
catboost,hungarian,dataset,native,10,0.883781613809715,0.8215905195035922,0.9197607655502391,0.04908268261239185,429.41,294,36.1,0.883781613809715,0.8215905195035922,0.8435374149659864,0.7727272727272727,0.8018867924528302,0.7870370370370371,0.5001364902659586,,,
catboost,hungarian,dataset,smote,10,0.8729175030108391,0.8050009183248954,0.9182349813928761,0.044604515447442664,455.32,294,36.1,0.8729175030108391,0.8050009183248954,0.8367346938775511,0.7843137254901961,0.7547169811320755,0.7692307692307693,0.49998171593658086,,,
catboost,hungarian,default,native,10,0.8881724207145725,0.817424069967903,0.9248989898989899,0.048259699570800535,12.48,294,,0.8881724207145725,0.817424069967903,0.8401360544217688,0.7610619469026548,0.8113207547169812,0.7853881278538812,0.4830342170425746,raw,3.0,36.05
catboost,hungarian,default,smote,10,0.8752759935768768,0.8447323289899644,0.9128096757044126,0.03833784978359778,15.75,294,,0.8752759935768768,0.8447323289899644,0.8299319727891157,0.7641509433962265,0.7641509433962265,0.7641509433962265,0.4848994113031839,raw,3.0,36.05
catboost,switzerland,competition,native,15,0.7163043478260869,0.9696427974641526,0.8123188405797103,0.1711955563223411,37.3,123,,0.7163043478260869,0.9696427974641526,0.8699186991869918,0.9714285714285714,0.8869565217391304,0.9272727272727272,0.5008106209103752,raw,3.0,6.5
catboost,switzerland,competition,smote,15,0.7260869565217392,0.9563402252839195,0.8702898550724636,0.1476803771793082,46.18,123,,0.7260869565217392,0.9563402252839195,0.8455284552845529,0.98,0.8521739130434782,0.9116279069767442,0.4909132486851287,raw,3.0,6.5
catboost,switzerland,dataset,native,15,0.6369565217391304,0.9538462152995799,0.8123188405797103,0.1693452059603948,159.92,123,93.5,0.6369565217391304,0.9538462152995799,0.8943089430894309,0.9553571428571429,0.9304347826086956,0.9427312775330396,0.5353343776860756,,,
catboost,switzerland,dataset,smote,15,0.6815217391304347,0.969020685389026,0.8072463768115942,0.19344433290972274,200.59,123,93.5,0.6815217391304347,0.969020685389026,0.8780487804878049,0.9545454545454546,0.9130434782608695,0.9333333333333333,0.5043272380489348,,,
catboost,switzerland,default,native,15,0.6478260869565218,0.958900576548938,0.8318840579710146,0.1375972284222368,13.44,123,,0.6478260869565218,0.958900576548938,0.9024390243902439,0.963963963963964,0.9304347826086956,0.9469026548672567,0.5005826488226237,raw,3.0,6.5
catboost,switzerland,default,smote,15,0.7673913043478261,0.9699887022984318,0.8246376811594203,0.20603935527229986,19.88,123,,0.7673913043478261,0.9699887022984318,0.9024390243902439,0.9813084112149533,0.9130434782608695,0.9459459459459459,0.5089877857209975,raw,3.0,6.5
catboost,va_longbeach,competition,native,15,0.6962758257665482,0.8593628864123593,0.7471755485893418,0.07481525617444362,41.78,200,,0.6962758257665482,0.8593628864123593,0.68,0.8632478632478633,0.6778523489932886,0.7593984962406015,0.49930201300558963,raw,3.0,25.5
catboost,va_longbeach,competition,smote,15,0.7115409922358206,0.857980354325359,0.7491661442006269,0.06630192631823384,49.22,200,,0.7115409922358206,0.857980354325359,0.7,0.8503937007874016,0.7248322147651006,0.782608695652174,0.5305356868486455,raw,3.0,25.5
catboost,va_longbeach,dataset,native,15,0.6900908014212397,0.8559304360679817,0.7493685127133404,0.07702548689230197,317.51,200,74.5,0.6900908014212397,0.8559304360679817,0.705,0.8169014084507042,0.7785234899328859,0.7972508591065293,0.5008047724332637,,,
catboost,va_longbeach,dataset,smote,15,0.7149624950651401,0.860563253748571,0.7501988854057818,0.07071888095692781,344.62,200,74.5,0.7149624950651401,0.860563253748571,0.745,0.8402777777777778,0.8120805369127517,0.825938566552901,0.5032857775425318,,,
catboost,va_longbeach,default,native,15,0.6717989209106461,0.8391050350687531,0.7344562870080111,0.0739116378398553,14.39,200,,0.6717989209106461,0.8391050350687531,0.705,0.8169014084507042,0.7785234899328859,0.7972508591065293,0.4467664703204492,raw,3.0,25.5
catboost,va_longbeach,default,smote,15,0.7178576128437952,0.8696096380645779,0.7550522466039706,0.06443791576380965,18.28,200,,0.7178576128437952,0.8696096380645779,0.745,0.85,0.7986577181208053,0.8235294117647058,0.48581690214017526,raw,3.0,25.5
elastic_net,cleveland,competition,native,10,0.9041059835058782,0.897435777935767,0.9055450064641242,0.04902403693417754,0.79,303,45.9,0.9041059835058782,0.897435777935767,0.834983498349835,0.8396946564885496,0.7913669064748201,0.8148148148148148,0.5856558191178809,,,
elastic_net,cleveland,competition,smote,10,0.9028776978417267,0.8951531674571324,0.903306803490627,0.04908714617689912,0.8,303,45.9,0.9028776978417267,0.8951531674571324,0.8250825082508251,0.8208955223880597,0.7913669064748201,0.8058608058608059,0.6568133830207404,raw,3.0,
elastic_net,cleveland,dataset,native,10,0.8738375153535708,0.8713044312846929,0.9058338720103425,0.05327164322787106,334.89,303,,0.8738375153535708,0.8713044312846929,0.8250825082508251,0.8208955223880597,0.7913669064748201,0.8058608058608059,0.5275487899780273,raw,3.0,45.87
elastic_net,cleveland,dataset,smote,10,0.8845411475697491,0.8797729106891641,0.9045733678086618,0.05243275490053845,344.7,303,,0.8845411475697491,0.8797729106891641,0.8217821782178217,0.8102189781021898,0.7985611510791367,0.8043478260869565,0.5289506912231445,raw,3.0,45.87
elastic_net,cleveland,default,native,10,0.9041059835058782,0.897435777935767,0.9055450064641242,0.04902403693417754,0.79,303,45.9,0.9041059835058782,0.897435777935767,0.834983498349835,0.8396946564885496,0.7913669064748201,0.8148148148148148,0.5856558191178809,,,
elastic_net,cleveland,default,smote,10,0.904237585541323,0.8978248737208532,0.9072256787330316,0.046927561007432464,0.8,303,45.9,0.904237585541323,0.8978248737208532,0.8283828382838284,0.8222222222222222,0.7985611510791367,0.8102189781021898,0.6357425831785757,,,
elastic_net,hungarian,competition,native,10,0.9003914090726615,0.8498825544078649,0.8991547049441786,0.0467508793253532,1.61,294,,0.9003914090726615,0.8498825544078649,0.8537414965986394,0.8461538461538461,0.7264150943396226,0.7817258883248731,0.4840418430227135,raw,3.0,36.05
elastic_net,hungarian,competition,smote,10,0.902900441589723,0.8552928366956619,0.9018234981392876,0.0416045252735691,1.58,294,,0.902900441589723,0.8552928366956619,0.8333333333333334,0.7766990291262136,0.7547169811320755,0.7655502392344498,0.395315325268194,raw,3.0,36.05
elastic_net,hungarian,dataset,native,10,0.8916599759132878,0.8336279987351832,0.8961297182349813,0.043559852421976984,466.78,294,,0.8916599759132878,0.8336279987351832,0.8469387755102041,0.8210526315789474,0.7358490566037735,0.7761194029850746,0.42746016849972374,raw,3.0,36.05
elastic_net,hungarian,dataset,smote,10,0.9023484544359696,0.868710539301032,0.9032323232323233,0.04322839138172173,480.39,294,,0.9023484544359696,0.868710539301032,0.8469387755102041,0.801980198019802,0.7641509433962265,0.782608695652174,0.39286405456228923,raw,3.0,36.05
elastic_net,hungarian,default,native,10,0.9003914090726615,0.8498825544078649,0.8991547049441786,0.0467508793253532,1.53,294,,0.9003914090726615,0.8498825544078649,0.8537414965986394,0.8461538461538461,0.7264150943396226,0.7817258883248731,0.4840418430227135,raw,3.0,36.05
elastic_net,hungarian,default,smote,10,0.902900441589723,0.8552928366956619,0.9018234981392876,0.0416045252735691,1.63,294,,0.902900441589723,0.8552928366956619,0.8333333333333334,0.7766990291262136,0.7547169811320755,0.7655502392344498,0.395315325268194,raw,3.0,36.05
elastic_net,switzerland,competition,native,15,0.6891304347826087,0.961697480594131,0.6898550724637681,0.24805058058226787,2.87,123,,0.6891304347826087,0.961697480594131,0.9186991869918699,0.9338842975206612,0.9826086956521739,0.9576271186440678,0.9618101987030908,raw,3.0,6.5
elastic_net,switzerland,competition,smote,15,0.707608695652174,0.9624258638538918,0.6623188405797101,0.2890423388363573,3.21,123,,0.707608695652174,0.9624258638538918,0.8699186991869918,0.9541284403669725,0.9043478260869565,0.9285714285714286,0.7439833099705065,raw,3.0,6.5
elastic_net,switzerland,dataset,native,15,0.6326086956521739,0.9582405232710695,0.6855072463768117,0.2696431241636576,243.84,123,,0.6326086956521739,0.9582405232710695,0.9024390243902439,0.9478260869565217,0.9478260869565217,0.9478260869565217,0.8003083139967225,raw,3.0,6.5
elastic_net,switzerland,dataset,smote,15,0.7880434782608696,0.9604771012212591,0.7144927536231885,0.2427092756376882,304.13,123,,0.7880434782608696,0.9604771012212591,0.8617886178861789,0.9622641509433962,0.8869565217391304,0.9230769230769231,0.6287883137732573,raw,3.0,6.5
elastic_net,switzerland,default,native,15,0.6891304347826087,0.961697480594131,0.6898550724637681,0.24805058058226787,2.71,123,,0.6891304347826087,0.961697480594131,0.9186991869918699,0.9338842975206612,0.9826086956521739,0.9576271186440678,0.9618101987030908,raw,3.0,6.5
elastic_net,switzerland,default,smote,15,0.707608695652174,0.9624258638538918,0.6623188405797101,0.2890423388363573,3.5,123,,0.707608695652174,0.9624258638538918,0.8699186991869918,0.9541284403669725,0.9043478260869565,0.9285714285714286,0.7439833099705065,raw,3.0,6.5
elastic_net,va_longbeach,competition,native,15,0.6765363863666272,0.820374898847328,0.6837593173110414,0.08266734397626577,2.64,200,,0.6765363863666272,0.820374898847328,0.76,0.791907514450867,0.9194630872483222,0.8509316770186336,0.7808740015219927,raw,3.0,25.5
elastic_net,va_longbeach,competition,smote,15,0.664034741413344,0.8092860454208111,0.668949843260188,0.08070033804549516,2.6,200,,0.664034741413344,0.8092860454208111,0.67,0.816793893129771,0.7181208053691275,0.7642857142857142,0.35733841971774866,raw,3.0,25.5
elastic_net,va_longbeach,dataset,native,15,0.6670614554546652,0.8273246177371807,0.6841375827237897,0.08374814076866276,407.35,200,,0.6670614554546652,0.8273246177371807,0.72,0.7784431137724551,0.87248322147651,0.8227848101265823,0.6557166551014032,raw,3.0,25.5
elastic_net,va_longbeach,dataset,smote,15,0.6574549282800368,0.8256971796126074,0.6775423197492162,0.07376535401156306,408.61,200,,0.6574549282800368,0.8256971796126074,0.65,0.8110236220472441,0.6912751677852349,0.7463768115942029,0.5730102239439385,raw,3.0,25.5
elastic_net,va_longbeach,default,native,15,0.6765363863666272,0.820374898847328,0.6837593173110414,0.08266734397626577,2.76,200,,0.6765363863666272,0.820374898847328,0.76,0.791907514450867,0.9194630872483222,0.8509316770186336,0.7808740015219927,raw,3.0,25.5
elastic_net,va_longbeach,default,smote,15,0.664034741413344,0.8092860454208111,0.668949843260188,0.08070033804549516,2.76,200,,0.664034741413344,0.8092860454208111,0.67,0.816793893129771,0.7181208053691275,0.7642857142857142,0.35733841971774866,raw,3.0,25.5
extra_trees,cleveland,competition,native,10,0.903272503948061,0.8919497747882442,0.9070095345830641,0.036350596472158,4.13,303,45.9,0.903272503948061,0.8919497747882442,0.801980198019802,0.7969924812030075,0.762589928057554,0.7794117647058824,0.4675,,,
extra_trees,cleveland,competition,smote,10,0.9040182488155817,0.8897719996487773,0.908515473497091,0.039669393653501056,3.81,303,45.9,0.9040182488155817,0.8897719996487773,0.8151815181518152,0.8029197080291971,0.7913669064748201,0.7971014492753623,0.57,raw,3.0,
extra_trees,cleveland,dataset,native,10,0.9045446569573611,0.890744810741636,0.9170147866839043,0.033971968795306035,5583.44,303,,0.9045446569573611,0.890744810741636,0.8250825082508251,0.8161764705882353,0.7985611510791367,0.8072727272727273,0.5900262594226987,raw,3.0,45.87
extra_trees,cleveland,dataset,smote,10,0.9018687489033164,0.8917749659227574,0.9116980446024563,0.0347368574193938,5256.05,303,,0.9018687489033164,0.8917749659227574,0.8250825082508251,0.8115942028985508,0.8057553956834532,0.8086642599277978,0.6036198770018282,raw,3.0,45.87
extra_trees,cleveland,default,native,10,0.903272503948061,0.8919497747882442,0.9070095345830641,0.036350596472158,4.39,303,45.9,0.903272503948061,0.8919497747882442,0.801980198019802,0.7969924812030075,0.762589928057554,0.7794117647058824,0.4675,,,
extra_trees,cleveland,default,smote,10,0.9023293560273732,0.8878977503327079,0.9077872495151906,0.03478500153572928,3.87,303,45.9,0.9023293560273732,0.8878977503327079,0.8118811881188119,0.8059701492537313,0.7769784172661871,0.7912087912087912,0.47625,,,
extra_trees,hungarian,competition,native,10,0.8991368928141309,0.830629063456244,0.8953880914407231,0.061745053379315344,8.1,294,,0.8991368928141309,0.830629063456244,0.826530612244898,0.8021978021978022,0.6886792452830188,0.7411167512690355,0.38933844011142066,raw,3.0,36.05
extra_trees,hungarian,competition,smote,10,0.8984092733841831,0.8292715471428038,0.8950558213716107,0.05801551323263598,7.59,294,,0.8984092733841831,0.8292715471428038,0.8367346938775511,0.7843137254901961,0.7547169811320755,0.7692307692307693,0.4975,raw,3.0,36.05
extra_trees,hungarian,dataset,native,10,0.9106784423926134,0.8487536688149965,0.906682615629984,0.05512393887379064,3741.9,294,,0.9106784423926134,0.8487536688149965,0.8401360544217688,0.7657657657657657,0.8018867924528302,0.783410138248848,0.4504733306912277,raw,3.0,36.05
extra_trees,hungarian,dataset,smote,10,0.9056101967081494,0.8444304195723565,0.9059808612440193,0.051289513359395036,4291.55,294,,0.9056101967081494,0.8444304195723565,0.8469387755102041,0.7904761904761904,0.7830188679245284,0.7867298578199052,0.48399836672477725,raw,3.0,36.05
extra_trees,hungarian,default,native,10,0.8991368928141309,0.830629063456244,0.8953880914407231,0.061745053379315344,8.01,294,,0.8991368928141309,0.830629063456244,0.826530612244898,0.8021978021978022,0.6886792452830188,0.7411167512690355,0.38933844011142066,raw,3.0,36.05
extra_trees,hungarian,default,smote,10,0.8984092733841831,0.8292715471428038,0.8950558213716107,0.05801551323263598,7.15,294,,0.8984092733841831,0.8292715471428038,0.8367346938775511,0.7843137254901961,0.7547169811320755,0.7692307692307693,0.4975,raw,3.0,36.05
extra_trees,switzerland,competition,native,15,0.6831521739130435,0.9662136154478974,0.686231884057971,0.23493911405636478,13.93,123,,0.6831521739130435,0.9662136154478974,0.9105691056910569,0.9333333333333333,0.9739130434782609,0.9531914893617022,0.8350714185068308,raw,3.0,6.5
extra_trees,switzerland,competition,smote,15,0.6749999999999999,0.9501774474778072,0.6847826086956522,0.26099031022048597,13.59,123,,0.6749999999999999,0.9501774474778072,0.8943089430894309,0.9396551724137931,0.9478260869565217,0.9437229437229437,0.8266666666666667,raw,3.0,6.5
extra_trees,switzerland,dataset,native,15,0.7076086956521739,0.9433169340663992,0.705072463768116,0.22363732379455997,1946.92,123,,0.7076086956521739,0.9433169340663992,0.8943089430894309,0.9636363636363636,0.9217391304347826,0.9422222222222222,0.6089702919176627,raw,3.0,6.5
extra_trees,switzerland,dataset,smote,15,0.7510869565217391,0.9688879647528044,0.7797101449275362,0.18816037527092733,2026.46,123,,0.7510869565217391,0.9688879647528044,0.8617886178861789,0.9711538461538461,0.8782608695652174,0.9223744292237442,0.5966490786948203,raw,3.0,6.5
extra_trees,switzerland,default,native,15,0.6831521739130435,0.9662136154478974,0.686231884057971,0.23493911405636478,13.4,123,,0.6831521739130435,0.9662136154478974,0.9105691056910569,0.9333333333333333,0.9739130434782609,0.9531914893617022,0.8350714185068308,raw,3.0,6.5
extra_trees,switzerland,default,smote,15,0.6749999999999999,0.9501774474778072,0.6847826086956522,0.26099031022048597,13.38,123,,0.6749999999999999,0.9501774474778072,0.8943089430894309,0.9396551724137931,0.9478260869565217,0.9437229437229437,0.8266666666666667,raw,3.0,6.5
extra_trees,va_longbeach,competition,native,15,0.6478484011054086,0.8097645751236547,0.6458202716823406,0.0666459935146392,13.86,200,,0.6478484011054086,0.8097645751236547,0.775,0.8058823529411765,0.9194630872483222,0.8589341692789969,0.5615267542495854,raw,3.0,25.5
extra_trees,va_longbeach,competition,smote,15,0.6599552572706935,0.8157477011824043,0.6566071055381401,0.06706973206500583,13.53,200,,0.6599552572706935,0.8157477011824043,0.75,0.8113207547169812,0.8657718120805369,0.8376623376623377,0.42291666666666666,raw,3.0,25.5
extra_trees,va_longbeach,dataset,native,15,0.7079878931438347,0.8441498146256375,0.7125290839428772,0.08585061185393399,3451.79,200,,0.7079878931438347,0.8441498146256375,0.68,0.8244274809160306,0.7248322147651006,0.7714285714285715,0.4332986952366323,raw,3.0,25.5
extra_trees,va_longbeach,dataset,smote,15,0.7165416502171338,0.849411038143554,0.7120128874956461,0.0740955934395982,3158.37,200,,0.7165416502171338,0.849411038143554,0.685,0.8307692307692308,0.7248322147651006,0.7741935483870968,0.5239445760073432,raw,3.0,25.5
extra_trees,va_longbeach,default,native,15,0.6478484011054086,0.8097645751236547,0.6458202716823406,0.0666459935146392,13.9,200,,0.6478484011054086,0.8097645751236547,0.775,0.8058823529411765,0.9194630872483222,0.8589341692789969,0.5615267542495854,raw,3.0,25.5
extra_trees,va_longbeach,default,smote,15,0.6599552572706935,0.8157477011824043,0.6566071055381401,0.06706973206500583,13.48,200,,0.6599552572706935,0.8157477011824043,0.75,0.8113207547169812,0.8657718120805369,0.8376623376623377,0.42291666666666666,raw,3.0,25.5
knn,cleveland,competition,native,10,0.9131426566064222,0.9035942261334086,0.9178531027795733,0.045259943548153804,1.5,303,45.9,0.9131426566064222,0.9035942261334086,0.8316831683168316,0.8548387096774194,0.762589928057554,0.8060836501901141,0.5701579367901898,,,
knn,cleveland,competition,smote,10,0.912616248464643,0.9048145951273403,0.9165804783451842,0.04419068093391321,1.57,303,45.9,0.912616248464643,0.9048145951273403,0.8250825082508251,0.8412698412698413,0.762589928057554,0.8,0.5734655973752397,raw,3.0,
knn,cleveland,dataset,native,10,0.9061238813826986,0.9059575399596489,0.9102718972204267,0.045801991370822935,437.9,303,,0.9061238813826986,0.9059575399596489,0.8283828382838284,0.8990825688073395,0.7050359712230215,0.7903225806451613,0.4907964306667616,raw,3.0,45.87
knn,cleveland,dataset,smote,10,0.9053123354974557,0.9097165083561745,0.9064388736263738,0.04924966060967575,482.79,303,,0.9053123354974557,0.9097165083561745,0.8184818481848185,0.8387096774193549,0.7482014388489209,0.7908745247148289,0.4539001992978862,raw,3.0,45.87
knn,cleveland,default,native,10,0.9019126162484645,0.8996756568080102,0.9062338396897222,0.05346785310037267,1.59,303,45.9,0.9019126162484645,0.8996756568080102,0.8250825082508251,0.8359375,0.7697841726618705,0.8014981273408239,0.46263387730218875,,,
knn,cleveland,default,smote,10,0.897284611335322,0.8933493493643134,0.9026018099547513,0.057157294368918254,1.41,303,45.9,0.897284611335322,0.8933493493643134,0.8151815181518152,0.7943262411347518,0.8057553956834532,0.8,0.5801208609325089,,,
knn,hungarian,competition,native,10,0.8886240465676434,0.826345820716524,0.8839500265816056,0.05449672807757264,1.88,294,,0.8886240465676434,0.826345820716524,0.8333333333333334,0.8202247191011236,0.6886792452830188,0.7487179487179487,0.2308588778322258,raw,3.0,36.05
knn,hungarian,competition,smote,10,0.8940686471296668,0.841565859100006,0.8949494949494949,0.05313907878653239,2.29,294,,0.8940686471296668,0.841565859100006,0.8333333333333334,0.8,0.7169811320754716,0.7562189054726368,0.3741815455000411,raw,3.0,36.05
knn,hungarian,dataset,native,10,0.8874698916097953,0.8187990792905547,0.88132110579479,0.04981217844387947,562.69,294,,0.8874698916097953,0.8187990792905547,0.8163265306122449,0.8333333333333334,0.6132075471698113,0.7065217391304348,0.31566726202657386,raw,3.0,36.05
knn,hungarian,dataset,smote,10,0.8801686069851467,0.8246331849738813,0.8843248272195641,0.055180721624955166,618.83,294,,0.8801686069851467,0.8246331849738813,0.8367346938775511,0.8020833333333334,0.7264150943396226,0.7623762376237624,0.4358835817101037,raw,3.0,36.05
knn,hungarian,default,native,10,0.8904305499799277,0.8340494293597231,0.8958320042530568,0.05458674377959368,2.12,294,,0.8904305499799277,0.8340494293597231,0.8435374149659864,0.8488372093023255,0.6886792452830188,0.7604166666666666,0.2734540812604283,raw,3.0,36.05
knn,hungarian,default,smote,10,0.8927388598956243,0.847836686330082,0.8941148325358851,0.051084215526864346,2.12,294,,0.8927388598956243,0.847836686330082,0.8435374149659864,0.7777777777777778,0.7924528301886793,0.7850467289719626,0.48750892732841294,raw,3.0,36.05
knn,switzerland,competition,native,15,0.6684782608695652,0.9546733705897044,0.6644927536231883,0.26769061446073034,3.55,123,,0.6684782608695652,0.9546733705897044,0.9349593495934959,0.9349593495934959,1.0,0.9663865546218487,0.9169779783373532,raw,3.0,6.5
knn,switzerland,competition,smote,15,0.7135869565217392,0.963905907434091,0.7152173913043479,0.23705289889517525,4.79,123,,0.7135869565217392,0.963905907434091,0.8211382113821138,0.9603960396039604,0.8434782608695652,0.8981481481481481,0.5566329510998265,raw,3.0,6.5
knn,switzerland,dataset,native,15,0.6684782608695652,0.9546733705897044,0.6644927536231883,0.26769061446073034,15.74,123,,0.6684782608695652,0.9546733705897044,0.9349593495934959,0.9349593495934959,1.0,0.9663865546218487,0.9169779783373532,raw,3.0,6.5
knn,switzerland,dataset,smote,15,0.7135869565217392,0.963905907434091,0.7152173913043479,0.23705289889517525,52.03,123,,0.7135869565217392,0.963905907434091,0.8211382113821138,0.9603960396039604,0.8434782608695652,0.8981481481481481,0.5566329510998265,raw,3.0,6.5
knn,switzerland,default,native,15,0.6858695652173913,0.9594326847359079,0.6753623188405797,0.25317351440740304,3.61,123,,0.6858695652173913,0.9594326847359079,0.9349593495934959,0.9349593495934959,1.0,0.9663865546218487,0.9075711642730849,raw,3.0,6.5
knn,switzerland,default,smote,15,0.6967391304347825,0.9636025110578834,0.6601449275362319,0.2623288491965246,4.63,123,,0.6967391304347825,0.9636025110578834,0.7723577235772358,0.9578947368421052,0.7913043478260869,0.8666666666666667,0.2966881729409016,raw,3.0,6.5
knn,va_longbeach,competition,native,15,0.6550861955520463,0.8044580628322745,0.6561957506095436,0.07998620789294549,4.11,200,,0.6550861955520463,0.8044580628322745,0.74,0.7593582887700535,0.9530201342281879,0.8452380952380952,0.7854279293850627,raw,3.0,25.5
knn,va_longbeach,competition,smote,15,0.6711409395973155,0.8112805096997358,0.6771717171717172,0.08353197680094708,3.78,200,,0.6711409395973155,0.8112805096997358,0.71,0.8321167883211679,0.7651006711409396,0.7972027972027972,0.532930585792419,raw,3.0,25.5
knn,va_longbeach,dataset,native,15,0.6550861955520463,0.8044580628322745,0.6561957506095436,0.07998620789294549,30.86,200,,0.6550861955520463,0.8044580628322745,0.74,0.7593582887700535,0.9530201342281879,0.8452380952380952,0.7854279293850627,raw,3.0,25.5
knn,va_longbeach,dataset,smote,15,0.7003553099091986,0.8392159551844207,0.6887485196795543,0.09788141407841747,530.79,200,,0.7003553099091986,0.8392159551844207,0.67,0.8487394957983193,0.6778523489932886,0.753731343283582,0.48679637885043964,raw,3.0,25.5
knn,va_longbeach,default,native,15,0.6628503750493486,0.8143752347016925,0.6658094740508534,0.07290857153290341,3.61,200,,0.6628503750493486,0.8143752347016925,0.74,0.7650273224043715,0.9395973154362416,0.8433734939759037,0.6716984484905332,raw,3.0,25.5
knn,va_longbeach,default,smote,15,0.6674562442426634,0.8099028301962938,0.6657314524555904,0.0701392781892508,3.98,200,,0.6674562442426634,0.8099028301962938,0.675,0.8387096774193549,0.697986577181208,0.7619047619047619,0.43864810761825906,raw,3.0,25.5
lasso,cleveland,competition,native,10,0.9041937181961748,0.8973873608608928,0.9059651745313511,0.04678437775360486,0.79,303,45.9,0.9041937181961748,0.8973873608608928,0.834983498349835,0.8396946564885496,0.7913669064748201,0.8148148148148148,0.49381841045312636,,,
lasso,cleveland,competition,smote,10,0.9028338304965784,0.8952384412435792,0.903306803490627,0.048144268858026036,0.8,303,45.9,0.9028338304965784,0.8952384412435792,0.8316831683168316,0.8283582089552238,0.7985611510791367,0.8131868131868132,0.6607892711861801,raw,3.0,
lasso,cleveland,dataset,native,10,0.8966046674855238,0.8905184112961799,0.9001636231415644,0.047794853640730224,330.55,303,,0.8966046674855238,0.8905184112961799,0.8217821782178217,0.8195488721804511,0.7841726618705036,0.8014705882352942,0.606913149356842,raw,3.0,45.87
lasso,cleveland,dataset,smote,10,0.8970872082821547,0.8910951842862056,0.9014241273432451,0.04526314517928588,339.72,303,,0.8970872082821547,0.8910951842862056,0.8250825082508251,0.8208955223880597,0.7913669064748201,0.8058608058608059,0.6081184917216403,raw,3.0,45.87
lasso,cleveland,default,native,10,0.9041937181961748,0.8973873608608928,0.9059651745313511,0.04678437775360486,0.79,303,45.9,0.9041937181961748,0.8973873608608928,0.834983498349835,0.8396946564885496,0.7913669064748201,0.8148148148148148,0.49381841045312636,,,
lasso,cleveland,default,smote,10,0.9039305141252851,0.8971035378432797,0.9076458468002585,0.04687223793669939,0.8,303,45.9,0.9039305141252851,0.8971035378432797,0.8283828382838284,0.8222222222222222,0.7985611510791367,0.8102189781021898,0.6290274402065101,,,
lasso,hungarian,competition,native,10,0.9004415897230027,0.850251346775478,0.8996331738437002,0.046482085165809206,1.51,294,,0.9004415897230027,0.850251346775478,0.8537414965986394,0.8461538461538461,0.7264150943396226,0.7817258883248731,0.4737314566449884,raw,3.0,36.05
lasso,hungarian,competition,smote,10,0.9025993576876756,0.8548756719978446,0.9012971823498139,0.041917202549802704,1.51,294,,0.9025993576876756,0.8548756719978446,0.8333333333333334,0.7766990291262136,0.7547169811320755,0.7655502392344498,0.3665763180747479,raw,3.0,36.05
lasso,hungarian,dataset,native,10,0.8966278602970695,0.8446975107031004,0.8971610845295055,0.04593913756024365,453.76,294,,0.8966278602970695,0.8446975107031004,0.8469387755102041,0.8080808080808081,0.7547169811320755,0.7804878048780488,0.5712483898329673,raw,3.0,36.05
lasso,hungarian,dataset,smote,10,0.9045814933761541,0.8584990585143567,0.9006273258904838,0.04445336428529607,478.82,294,,0.9045814933761541,0.8584990585143567,0.8469387755102041,0.801980198019802,0.7641509433962265,0.782608695652174,0.2937370531095142,raw,3.0,36.05
lasso,hungarian,default,native,10,0.9004415897230027,0.850251346775478,0.8996331738437002,0.046482085165809206,1.54,294,,0.9004415897230027,0.850251346775478,0.8537414965986394,0.8461538461538461,0.7264150943396226,0.7817258883248731,0.4737314566449884,raw,3.0,36.05
lasso,hungarian,default,smote,10,0.9025993576876756,0.8548756719978446,0.9012971823498139,0.041917202549802704,1.54,294,,0.9025993576876756,0.8548756719978446,0.8333333333333334,0.7766990291262136,0.7547169811320755,0.7655502392344498,0.3665763180747479,raw,3.0,36.05
lasso,switzerland,competition,native,15,0.6956521739130436,0.9617499814116823,0.6876811594202898,0.24228702724388368,2.96,123,,0.6956521739130436,0.9617499814116823,0.9186991869918699,0.9338842975206612,0.9826086956521739,0.9576271186440678,0.8864121105257685,raw,3.0,6.5
lasso,switzerland,competition,smote,15,0.716304347826087,0.9645382771478224,0.6507246376811594,0.30064692552731603,3.17,123,,0.716304347826087,0.9645382771478224,0.8699186991869918,0.9541284403669725,0.9043478260869565,0.9285714285714286,0.753662033467751,raw,3.0,6.5
lasso,switzerland,dataset,native,15,0.6152173913043478,0.9511856240686988,0.6485507246376812,0.2699409100859635,241.46,123,,0.6152173913043478,0.9511856240686988,0.9024390243902439,0.9478260869565217,0.9478260869565217,0.9478260869565217,0.6930328520837626,raw,3.0,6.5
lasso,switzerland,dataset,smote,15,0.75,0.956406122296286,0.722463768115942,0.24909624505091743,303.75,123,,0.75,0.956406122296286,0.8780487804878049,0.9629629629629629,0.9043478260869565,0.9327354260089686,0.6369446235913091,raw,3.0,6.5
lasso,switzerland,default,native,15,0.6956521739130436,0.9617499814116823,0.6876811594202898,0.24228702724388368,2.56,123,,0.6956521739130436,0.9617499814116823,0.9186991869918699,0.9338842975206612,0.9826086956521739,0.9576271186440678,0.8864121105257685,raw,3.0,6.5
lasso,switzerland,default,smote,15,0.716304347826087,0.9645382771478224,0.6507246376811594,0.30064692552731603,3.44,123,,0.716304347826087,0.9645382771478224,0.8699186991869918,0.9541284403669725,0.9043478260869565,0.9285714285714286,0.753662033467751,raw,3.0,6.5
lasso,va_longbeach,competition,native,15,0.6754836162652981,0.8228391325209908,0.6828439568094741,0.08208867516015911,2.64,200,,0.6754836162652981,0.8228391325209908,0.76,0.7885714285714286,0.9261744966442953,0.8518518518518519,0.7788941512825825,raw,3.0,25.5
lasso,va_longbeach,competition,smote,15,0.6642979339386761,0.8098003630600867,0.6701905259491466,0.0785019076609106,2.7,200,,0.6642979339386761,0.8098003630600867,0.67,0.816793893129771,0.7181208053691275,0.7642857142857142,0.39251940933477264,raw,3.0,25.5
lasso,va_longbeach,dataset,native,15,0.6620607974733518,0.8194955573126947,0.6848279345175897,0.07848973424622385,392.7,200,,0.6620607974733518,0.8194955573126947,0.705,0.774390243902439,0.8523489932885906,0.8115015974440895,0.6408653853520291,raw,3.0,25.5
lasso,va_longbeach,dataset,smote,15,0.6771943676799579,0.8416307737270201,0.6802643678160919,0.08077210645151758,397.23,200,,0.6771943676799579,0.8416307737270201,0.635,0.796875,0.6845637583892618,0.7364620938628159,0.6358831456012517,raw,3.0,25.5
lasso,va_longbeach,default,native,15,0.6754836162652981,0.8228391325209908,0.6828439568094741,0.08208867516015911,2.59,200,,0.6754836162652981,0.8228391325209908,0.76,0.7885714285714286,0.9261744966442953,0.8518518518518519,0.7788941512825825,raw,3.0,25.5
lasso,va_longbeach,default,smote,15,0.6642979339386761,0.8098003630600867,0.6701905259491466,0.0785019076609106,2.72,200,,0.6642979339386761,0.8098003630600867,0.67,0.816793893129771,0.7181208053691275,0.7642857142857142,0.39251940933477264,raw,3.0,25.5
lightgbm,cleveland,competition,native,10,0.9116950342165292,0.9087812269543373,0.9171965901745314,0.03752850154184209,4.24,303,45.9,0.9116950342165292,0.9087812269543373,0.8448844884488449,0.8333333333333334,0.8273381294964028,0.8303249097472925,0.5046979254162117,,,
lightgbm,cleveland,competition,smote,10,0.9151605544832427,0.91390091022529,0.9216346153846153,0.035352919404471,4.19,303,45.9,0.9151605544832427,0.91390091022529,0.8382838283828383,0.835820895522388,0.8057553956834532,0.8205128205128205,0.5830768680165455,raw,3.0,
lightgbm,cleveland,dataset,native,10,0.9117389015616775,0.9107759842980832,0.9168370232708467,0.03653629742629976,8477.3,303,,0.9117389015616775,0.9107759842980832,0.8448844884488449,0.8333333333333334,0.8273381294964028,0.8303249097472925,0.5077473962464528,raw,3.0,45.87
lightgbm,cleveland,dataset,smote,10,0.9157308299701702,0.9155771793366649,0.9238344376212023,0.031228652702966184,7934.54,303,,0.9157308299701702,0.9155771793366649,0.8382838283828383,0.835820895522388,0.8057553956834532,0.8205128205128205,0.37616363763124444,raw,3.0,45.87
lightgbm,cleveland,default,native,10,0.9040182488155816,0.9010524671345652,0.9040239172592113,0.04112048804142869,5.56,303,45.9,0.9040182488155816,0.9010524671345652,0.834983498349835,0.8396946564885496,0.7913669064748201,0.8148148148148148,0.5540520239581349,,,
lightgbm,cleveland,default,smote,10,0.9068696262502193,0.9063720302312166,0.9060601163542341,0.042134622685696524,6.08,303,45.9,0.9068696262502193,0.9063720302312166,0.834983498349835,0.8449612403100775,0.7841726618705036,0.8134328358208955,0.5189563322870673,,,
lightgbm,hungarian,competition,native,10,0.8795162585307106,0.8445299332805587,0.8776342371079213,0.04169408028424684,5.77,294,,0.8795162585307106,0.8445299332805587,0.8027210884353742,0.6875,0.8301886792452831,0.7521367521367521,0.46976479653888403,raw,3.0,36.05
lightgbm,hungarian,competition,smote,10,0.8834805299076677,0.8442308835199019,0.8875066454013822,0.038328064851344865,7.48,294,,0.8834805299076677,0.8442308835199019,0.8231292517006803,0.7547169811320755,0.7547169811320755,0.7547169811320755,0.3344753563395451,raw,3.0,36.05
lightgbm,hungarian,dataset,native,10,0.8846848655158572,0.8470723031533642,0.8786496544391282,0.053228712705054027,3105.83,294,,0.8846848655158572,0.8470723031533642,0.8061224489795918,0.7024793388429752,0.8018867924528302,0.748898678414097,0.4438055781434867,raw,3.0,36.05
lightgbm,hungarian,dataset,smote,10,0.8794409875551987,0.8353662966474017,0.8797554492291335,0.038596387244789955,2173.49,294,,0.8794409875551987,0.8353662966474017,0.8231292517006803,0.7647058823529411,0.7358490566037735,0.75,0.5670502626806497,raw,3.0,36.05
lightgbm,hungarian,default,native,10,0.8802689682858289,0.8328430777976413,0.8715709728867622,0.051565236169253674,8.05,294,,0.8802689682858289,0.8328430777976413,0.8163265306122449,0.7452830188679245,0.7452830188679245,0.7452830188679245,0.31690563760594237,raw,3.0,36.05
lightgbm,hungarian,default,smote,10,0.870132476916901,0.8359350155412243,0.865725677830941,0.03745185065922678,8.39,294,,0.870132476916901,0.8359350155412243,0.8299319727891157,0.7641509433962265,0.7641509433962265,0.7641509433962265,0.5019841614872579,raw,3.0,36.05
lightgbm,switzerland,competition,native,15,0.3652173913043478,0.9157033461150337,0.5,0.0,3.14,123,,0.3652173913043478,0.9157033461150337,0.9349593495934959,0.9349593495934959,1.0,0.9663865546218487,inf,raw,3.0,6.5
lightgbm,switzerland,competition,smote,15,0.7967391304347826,0.9790888930266277,0.7739130434782608,0.21337596061203276,18.47,123,,0.7967391304347826,0.9790888930266277,0.8943089430894309,0.9553571428571429,0.9304347826086956,0.9427312775330396,0.694173588158043,raw,3.0,6.5
lightgbm,switzerland,dataset,native,15,0.758695652173913,0.9750137815180716,0.6847826086956523,0.24741893837154488,470.96,123,,0.758695652173913,0.9750137815180716,0.9349593495934959,0.9349593495934959,1.0,0.9663865546218487,0.8796540650306693,raw,3.0,6.5
lightgbm,switzerland,dataset,smote,15,0.7728260869565218,0.9737650304769206,0.7942028985507246,0.21382828924649705,1843.28,123,,0.7728260869565218,0.9737650304769206,0.8780487804878049,0.9629629629629629,0.9043478260869565,0.9327354260089686,0.5868448049681687,raw,3.0,6.5
lightgbm,switzerland,default,native,15,0.6048913043478261,0.9517948204908179,0.6050724637681159,0.24523392207959796,7.19,123,,0.6048913043478261,0.9517948204908179,0.9349593495934959,0.9349593495934959,1.0,0.9663865546218487,0.8747120235776364,raw,3.0,6.5
lightgbm,switzerland,default,smote,15,0.8586956521739131,0.9890915086033051,0.7956521739130434,0.19618285517701697,18.57,123,,0.8586956521739131,0.9890915086033051,0.8943089430894309,0.9473684210526315,0.9391304347826087,0.9432314410480349,0.9394389908589392,raw,3.0,6.5
lightgbm,va_longbeach,competition,native,15,0.5971838399789446,0.7819696114624752,0.5983497039359109,0.08815651965717217,4.57,200,,0.5971838399789446,0.7819696114624752,0.745,0.745,1.0,0.8538681948424068,0.704283045068942,raw,3.0,25.5
lightgbm,va_longbeach,competition,smote,15,0.6981181734438742,0.867063659262579,0.6764190177638453,0.06383457807143848,12.97,200,,0.6981181734438742,0.867063659262579,0.68,0.8102189781021898,0.7449664429530202,0.7762237762237763,0.5691583829408492,raw,3.0,25.5
lightgbm,va_longbeach,dataset,native,15,0.7058823529411765,0.8720342021456629,0.6820292580982237,0.08938992947231827,1295.75,200,,0.7058823529411765,0.8720342021456629,0.77,0.7696335078534031,0.9865771812080537,0.8647058823529412,0.6616858219806345,raw,3.0,25.5
lightgbm,va_longbeach,dataset,smote,15,0.7144361100144756,0.884305710280409,0.6895036572622779,0.07243549762356749,2476.36,200,,0.7144361100144756,0.884305710280409,0.685,0.8161764705882353,0.7449664429530202,0.7789473684210526,0.5973909240104078,raw,3.0,25.5
lightgbm,va_longbeach,default,native,15,0.7292406895644162,0.8910188191563992,0.6905938697318007,0.0953002724040696,9.04,200,,0.7292406895644162,0.8910188191563992,0.77,0.7668393782383419,0.9932885906040269,0.8654970760233918,0.7092644787078949,raw,3.0,25.5
lightgbm,va_longbeach,default,smote,15,0.7249638110277669,0.8890326646144012,0.7134601184256357,0.06577870251506795,16.75,200,,0.7249638110277669,0.8890326646144012,0.725,0.8263888888888888,0.7986577181208053,0.8122866894197952,0.6385961860264743,raw,3.0,25.5
logistic_regression,cleveland,competition,native,10,0.9039743814704333,0.8977198948701334,0.9059914350355529,0.049918779594524836,0.79,303,45.9,0.9039743814704333,0.8977198948701334,0.834983498349835,0.8248175182481752,0.8129496402877698,0.8188405797101449,0.6341352436746917,,,
logistic_regression,cleveland,competition,smote,10,0.9034918406738025,0.895814015852135,0.9045935681965093,0.05008949530706648,0.8,303,45.9,0.9034918406738025,0.895814015852135,0.8217821782178217,0.8148148148148148,0.7913669064748201,0.8029197080291971,0.6436245380910031,raw,3.0,
logistic_regression,cleveland,dataset,native,10,0.9039743814704333,0.8977198948701334,0.9059914350355529,0.049918779594524836,9.83,303,,0.9039743814704333,0.8977198948701334,0.834983498349835,0.8248175182481752,0.8129496402877698,0.8188405797101449,0.6341352429977185,raw,3.0,45.87
logistic_regression,cleveland,dataset,smote,10,0.9047201263379541,0.8984736566118781,0.9054399644473173,0.050597411507951835,9.92,303,,0.9047201263379541,0.8984736566118781,0.8283828382838284,0.8222222222222222,0.7985611510791367,0.8102189781021898,0.6239692392949405,raw,3.0,45.87
logistic_regression,cleveland,default,native,10,0.9039743814704333,0.8977198948701334,0.9059914350355529,0.049918779594524836,0.8,303,45.9,0.9039743814704333,0.8977198948701334,0.834983498349835,0.8248175182481752,0.8129496402877698,0.8188405797101449,0.6341352436746917,,,
logistic_regression,cleveland,default,smote,10,0.9047201263379541,0.8984736566118781,0.9054399644473173,0.050597411507951835,0.8,303,45.9,0.9047201263379541,0.8984736566118781,0.8283828382838284,0.8222222222222222,0.7985611510791367,0.8102189781021898,0.6239692333611115,,,
logistic_regression,hungarian,competition,native,10,0.8999899638699318,0.8523314069425771,0.8991972355130251,0.04377553482754626,1.53,294,,0.8999899638699318,0.8523314069425771,0.8299319727891157,0.7592592592592593,0.7735849056603774,0.7663551401869159,0.6490369238815432,raw,3.0,36.05
logistic_regression,hungarian,competition,smote,10,0.9032517061421116,0.8546492115508543,0.9042158426368954,0.04019649294313945,1.56,294,,0.9032517061421116,0.8546492115508543,0.8333333333333334,0.7766990291262136,0.7547169811320755,0.7655502392344498,0.3982211114078172,raw,3.0,36.05
logistic_regression,hungarian,dataset,native,10,0.8999899638699318,0.8523314069425771,0.8991972355130251,0.04377553482754626,12.75,294,,0.8999899638699318,0.8523314069425771,0.8299319727891157,0.7592592592592593,0.7735849056603774,0.7663551401869159,0.6490369238815432,raw,3.0,36.05
logistic_regression,hungarian,dataset,smote,10,0.9032517061421116,0.8546492115508543,0.9042158426368954,0.04019649294313945,13.2,294,,0.9032517061421116,0.8546492115508543,0.8333333333333334,0.7766990291262136,0.7547169811320755,0.7655502392344498,0.3982211114078172,raw,3.0,36.05
logistic_regression,hungarian,default,native,10,0.8999899638699318,0.8523314069425771,0.8991972355130251,0.04377553482754626,1.58,294,,0.8999899638699318,0.8523314069425771,0.8299319727891157,0.7592592592592593,0.7735849056603774,0.7663551401869159,0.6490369238815432,raw,3.0,36.05
logistic_regression,hungarian,default,smote,10,0.9032517061421116,0.8546492115508543,0.9042158426368954,0.04019649294313945,1.26,294,,0.9032517061421116,0.8546492115508543,0.8333333333333334,0.7766990291262136,0.7547169811320755,0.7655502392344498,0.3982211114078172,raw,3.0,36.05
logistic_regression,switzerland,competition,native,15,0.6706521739130435,0.9583068199168406,0.653623188405797,0.27180772081206167,2.56,123,,0.6706521739130435,0.9583068199168406,0.8292682926829268,0.9607843137254902,0.8521739130434782,0.9032258064516129,0.43280647345519524,raw,3.0,6.5
logistic_regression,switzerland,competition,smote,15,0.7065217391304347,0.9622648962643532,0.6637681159420289,0.28153269708030326,3.34,123,,0.7065217391304347,0.9622648962643532,0.8699186991869918,0.9541284403669725,0.9043478260869565,0.9285714285714286,0.7591128676272204,raw,3.0,6.5
logistic_regression,switzerland,dataset,native,15,0.6706521739130435,0.9583068199168406,0.653623188405797,0.27180772081206167,27.95,123,,0.6706521739130435,0.9583068199168406,0.8292682926829268,0.9607843137254902,0.8521739130434782,0.9032258064516129,0.43280647345519524,raw,3.0,6.5
logistic_regression,switzerland,dataset,smote,15,0.7065217391304347,0.9622648962643532,0.6637681159420289,0.28153269708030326,36.46,123,,0.7065217391304347,0.9622648962643532,0.8699186991869918,0.9541284403669725,0.9043478260869565,0.9285714285714286,0.7591128676272204,raw,3.0,6.5
logistic_regression,switzerland,default,native,15,0.6706521739130435,0.9583068199168406,0.653623188405797,0.27180772081206167,2.59,123,,0.6706521739130435,0.9583068199168406,0.8292682926829268,0.9607843137254902,0.8521739130434782,0.9032258064516129,0.43280647345519524,raw,3.0,6.5
logistic_regression,switzerland,default,smote,15,0.7065217391304347,0.9622648962643532,0.6637681159420289,0.28153269708030326,3.37,123,,0.7065217391304347,0.9622648962643532,0.8699186991869918,0.9541284403669725,0.9043478260869565,0.9285714285714286,0.7591128676272204,raw,3.0,6.5
logistic_regression,va_longbeach,competition,native,15,0.6673246479799974,0.8139366848091796,0.6732250087077675,0.08349555113130654,2.88,200,,0.6673246479799974,0.8139366848091796,0.665,0.8360655737704918,0.6845637583892618,0.7527675276752768,0.5659554966643064,raw,3.0,25.5
logistic_regression,va_longbeach,competition,smote,15,0.6619292012106857,0.8038936842930704,0.670008011145942,0.08129133023306162,2.71,200,,0.6619292012106857,0.8038936842930704,0.67,0.816793893129771,0.7181208053691275,0.7642857142857142,0.35654964816723417,raw,3.0,25.5
logistic_regression,va_longbeach,dataset,native,15,0.6673246479799974,0.8139366848091796,0.6732250087077675,0.08349555113130654,28.68,200,,0.6673246479799974,0.8139366848091796,0.665,0.8360655737704918,0.6845637583892618,0.7527675276752768,0.5659554966643064,raw,3.0,25.5
logistic_regression,va_longbeach,dataset,smote,15,0.6619292012106857,0.8038936842930704,0.670008011145942,0.08129133023306162,28.37,200,,0.6619292012106857,0.8038936842930704,0.67,0.816793893129771,0.7181208053691275,0.7642857142857142,0.35654964816723417,raw,3.0,25.5
logistic_regression,va_longbeach,default,native,15,0.6673246479799974,0.8139366848091796,0.6732250087077675,0.08349555113130654,2.56,200,,0.6673246479799974,0.8139366848091796,0.665,0.8360655737704918,0.6845637583892618,0.7527675276752768,0.5659554966643064,raw,3.0,25.5
logistic_regression,va_longbeach,default,smote,15,0.6619292012106857,0.8038936842930704,0.670008011145942,0.08129133023306162,2.56,200,,0.6619292012106857,0.8038936842930704,0.67,0.816793893129771,0.7181208053691275,0.7642857142857142,0.35654964816723417,raw,3.0,25.5
mlp,cleveland,competition,native,10,0.863046148447096,0.8480591906776449,0.8953155300581772,0.05443425994765134,3.0,303,45.9,0.863046148447096,0.8480591906776449,0.8250825082508251,0.864406779661017,0.7338129496402878,0.7937743190661478,,raw,3.0,
mlp,cleveland,competition,smote,10,0.878048780487805,0.8726610750383569,0.9009029573367808,0.059677217161133334,1.2,303,45.9,0.878048780487805,0.8726610750383569,0.8250825082508251,0.8467741935483871,0.7553956834532374,0.7984790874524715,0.49576846796995194,raw,3.0,
mlp,cleveland,dataset,native,10,0.9016055448324267,0.8878658117933631,0.9217982385261797,0.05037353025844947,837.35,303,45.9,0.9016055448324267,0.8878658117933631,0.834983498349835,0.8396946564885496,0.7913669064748201,0.8148148148148148,0.4728093445301056,,,
mlp,cleveland,dataset,smote,10,0.8906387085453588,0.8683574726599931,0.921739657401422,0.04520207960729701,875.1,303,45.9,0.8906387085453588,0.8683574726599931,0.8316831683168316,0.8283582089552238,0.7985611510791367,0.8131868131868132,0.47953635454177856,,,
mlp,cleveland,default,native,10,0.8704158624320056,0.8461766298178255,0.9143341952165482,0.05710090680174051,2.85,303,45.9,0.8704158624320056,0.8461766298178255,0.8217821782178217,0.8512396694214877,0.7410071942446043,0.7923076923076923,0.46949851512908936,,,
mlp,cleveland,default,smote,10,0.8678715564134057,0.8416486521580222,0.9169339851325145,0.05284629981767899,2.94,303,45.9,0.8678715564134057,0.8416486521580222,0.8217821782178217,0.8512396694214877,0.7410071942446043,0.7923076923076923,0.44577327370643616,,,
mlp,hungarian,competition,native,10,0.8980329185066238,0.8368736192519657,0.9043540669856458,0.04665345727009277,3.31,294,36.1,0.8980329185066238,0.8368736192519657,0.8503401360544217,0.8369565217391305,0.7264150943396226,0.7777777777777778,,raw,3.0,
mlp,hungarian,competition,smote,10,0.862454837414693,0.7871080269262684,0.8866879319510899,0.042441954467577064,3.29,294,36.1,0.862454837414693,0.7871080269262684,0.8469387755102041,0.7961165048543689,0.7735849056603774,0.784688995215311,,raw,3.0,
mlp,hungarian,dataset,native,10,0.8627559213167402,0.7868896994330834,0.9268314726209465,0.042954012795149446,793.3,294,36.1,0.8627559213167402,0.7868896994330834,0.6938775510204082,0.5465116279069767,0.8867924528301887,0.6762589928057554,0.5212082266807556,,,
mlp,hungarian,dataset,smote,10,0.8971296668004818,0.8468681173309792,0.9204518872939926,0.046181936530215524,813.01,294,36.1,0.8971296668004818,0.8468681173309792,0.8129251700680272,0.717948717948718,0.7924528301886793,0.7533632286995515,0.522125244140625,,,
mlp,hungarian,default,native,10,0.889502207948615,0.8215872140215027,0.9110154173312068,0.04422065148226424,3.53,294,36.1,0.889502207948615,0.8215872140215027,0.8401360544217688,0.8470588235294118,0.6792452830188679,0.7539267015706806,0.45227184891700745,,,
mlp,hungarian,default,smote,10,0.8906563629064633,0.8385587850678711,0.9114885699096226,0.050784528224192556,3.34,294,36.1,0.8906563629064633,0.8385587850678711,0.8299319727891157,0.8255813953488372,0.6698113207547169,0.7395833333333334,0.455851674079895,,,
mlp,switzerland,competition,native,15,0.525,0.9408531043047306,0.5536231884057972,0.2304575688305679,3.91,123,93.5,0.525,0.9408531043047306,0.9186991869918699,0.9338842975206612,0.9826086956521739,0.9576271186440678,,raw,3.0,
mlp,switzerland,competition,smote,15,0.6804347826086956,0.9634580069882408,0.6884057971014493,0.2048047107471247,5.18,123,93.5,0.6804347826086956,0.9634580069882408,0.8455284552845529,0.9444444444444444,0.8869565217391304,0.9147982062780269,,raw,3.0,
mlp,switzerland,dataset,native,15,0.6282608695652174,0.9452313832928035,0.6717391304347825,0.23481615433995254,323.55,123,93.5,0.6282608695652174,0.9452313832928035,0.8943089430894309,0.9322033898305084,0.9565217391304348,0.944206008583691,0.6505252420902252,,,
mlp,switzerland,dataset,smote,15,0.5956521739130435,0.9456588019385525,0.7,0.2374711868569987,321.89,123,93.5,0.5956521739130435,0.9456588019385525,0.8943089430894309,0.9396551724137931,0.9478260869565217,0.9437229437229437,0.7791345119476318,,,
mlp,switzerland,default,native,15,0.6510869565217391,0.9691279431679436,0.7710144927536232,0.2297729992186251,4.51,123,93.5,0.6510869565217391,0.9691279431679436,0.7886178861788617,0.9405940594059405,0.8260869565217391,0.8796296296296297,0.5829010605812073,,,
mlp,switzerland,default,smote,15,0.7391304347826086,0.9784487950000218,0.7681159420289856,0.19792029396735744,4.03,123,93.5,0.7391304347826086,0.9784487950000218,0.8048780487804879,0.9504950495049505,0.8347826086956521,0.8888888888888888,0.6158995429674784,,,
mlp,va_longbeach,competition,native,15,0.5736281089617055,0.7828227753023624,0.5556812957157785,0.09538885577738655,4.15,200,74.5,0.5736281089617055,0.7828227753023624,0.75,0.7591623036649214,0.9731543624161074,0.8529411764705882,,raw,3.0,
mlp,va_longbeach,competition,smote,15,0.610738255033557,0.7923140065774956,0.6244399164054337,0.08685768385965029,5.07,200,74.5,0.610738255033557,0.7923140065774956,0.685,0.8071428571428572,0.7583892617449665,0.7820069204152249,,raw,3.0,
mlp,va_longbeach,dataset,native,15,0.6769311751546256,0.8098307827680131,0.7192222222222221,0.07394120489818533,533.96,200,74.5,0.6769311751546256,0.8098307827680131,0.74,0.8169934640522876,0.8389261744966443,0.8278145695364238,0.5724066893259684,,,
mlp,va_longbeach,dataset,smote,15,0.6964074220292144,0.851153437779401,0.6976826889585511,0.09052854406163605,525.56,200,74.5,0.6964074220292144,0.851153437779401,0.695,0.84375,0.7248322147651006,0.779783393501805,0.4770303765932719,,,
mlp,va_longbeach,default,native,15,0.6935123042505592,0.8606050951775664,0.7368300243817486,0.06417611741224097,4.11,200,74.5,0.6935123042505592,0.8606050951775664,0.575,0.8404255319148937,0.5302013422818792,0.6502057613168725,0.46497954924901325,,,
mlp,va_longbeach,default,smote,15,0.7053559678905119,0.8169145450691659,0.7345416231278301,0.0788592569487734,4.51,200,74.5,0.7053559678905119,0.8169145450691659,0.695,0.8666666666666667,0.697986577181208,0.7732342007434945,0.47958749532699585,,,
random_forest,cleveland,competition,native,10,0.86434023512897,0.8583854317685803,0.8708033694246928,0.056629683714653385,5.77,303,45.9,0.86434023512897,0.8583854317685803,0.7722772277227723,0.7651515151515151,0.7266187050359713,0.7453874538745388,0.4807556180078373,,,
random_forest,cleveland,competition,smote,10,0.8821503772591682,0.8762677340239489,0.8966780462184876,0.04323381303110421,5.8,303,45.9,0.8821503772591682,0.8762677340239489,0.7986798679867987,0.7910447761194029,0.762589928057554,0.7765567765567766,0.450957147557867,raw,3.0,
random_forest,cleveland,dataset,native,10,0.9042814528864713,0.8971675618674638,0.9108314479638009,0.04208846263097459,4132.5,303,,0.9042814528864713,0.8971675618674638,0.8250825082508251,0.8208955223880597,0.7913669064748201,0.8058608058608059,0.46876629419832383,raw,3.0,45.87
random_forest,cleveland,dataset,smote,10,0.9076592384628881,0.9014762103288838,0.9193135908209437,0.038190375924931214,4102.53,303,,0.9076592384628881,0.9014762103288838,0.8184818481848185,0.823076923076923,0.7697841726618705,0.7955390334572491,0.4594726629555781,raw,3.0,45.87
random_forest,cleveland,default,native,10,0.9037111773995438,0.894940435127038,0.9051420087265674,0.0418628453495743,4.1,303,45.9,0.9037111773995438,0.894940435127038,0.8316831683168316,0.8384615384615385,0.7841726618705036,0.8104089219330854,0.49333333333333335,,,
random_forest,cleveland,default,smote,10,0.9050929987717143,0.8970424069147904,0.9093628797672915,0.041702264496965735,4.12,303,45.9,0.9050929987717143,0.8970424069147904,0.8283828382838284,0.8320610687022901,0.7841726618705036,0.8074074074074075,0.55,,,
random_forest,hungarian,competition,native,10,0.6698615014050582,0.5218341979201104,0.7010154173312069,0.10172389435024953,8.9,294,,0.6698615014050582,0.5218341979201104,0.6292517006802721,0.48936170212765956,0.6509433962264151,0.5587044534412956,0.5297433452367108,raw,3.0,36.05
random_forest,hungarian,competition,smote,10,0.855931352870333,0.753466467411985,0.8640217969165336,0.039547918051279,9.32,294,,0.855931352870333,0.753466467411985,0.8027210884353742,0.7666666666666667,0.6509433962264151,0.7040816326530612,0.4369533918331592,raw,3.0,36.05
random_forest,hungarian,dataset,native,10,0.8892513046969089,0.8368084616828738,0.8940350877192982,0.06391818326408465,3605.45,294,,0.8892513046969089,0.8368084616828738,0.826530612244898,0.7570093457943925,0.7641509433962265,0.7605633802816901,0.4301627314749022,raw,3.0,36.05
random_forest,hungarian,dataset,smote,10,0.8833801686069852,0.8026932693711084,0.8823763955342903,0.05852225132452644,3840.42,294,,0.8833801686069852,0.8026932693711084,0.8197278911564626,0.7523809523809524,0.7452830188679245,0.7488151658767772,0.5254351024593941,raw,3.0,36.05
random_forest,hungarian,default,native,10,0.8861401043757526,0.8237632191777244,0.8866214779372674,0.06240219613891838,6.41,294,,0.8861401043757526,0.8237632191777244,0.8299319727891157,0.7857142857142857,0.7264150943396226,0.7549019607843137,0.455,raw,3.0,36.05
random_forest,hungarian,default,smote,10,0.8839321557607387,0.8136060094747509,0.8888782562466773,0.059945130035095676,6.32,294,,0.8839321557607387,0.8136060094747509,0.8299319727891157,0.7692307692307693,0.7547169811320755,0.7619047619047619,0.45,raw,3.0,36.05
random_forest,switzerland,competition,native,15,0.4978260869565218,0.9213098029155107,0.5,0.0,17.45,123,,0.4978260869565218,0.9213098029155107,0.9349593495934959,0.9349593495934959,1.0,0.9663865546218487,0.5160977261670809,raw,3.0,6.5
random_forest,switzerland,competition,smote,15,0.517391304347826,0.9245925233993111,0.5,0.0,18.64,123,,0.517391304347826,0.9245925233993111,0.06504065040650407,0.0,0.0,0.0,0.4982753623188409,raw,3.0,6.5
random_forest,switzerland,dataset,native,15,0.6831521739130434,0.9533450965224568,0.6565217391304348,0.2565094568418002,1582.44,123,,0.6831521739130434,0.9533450965224568,0.8536585365853658,0.9619047619047619,0.8782608695652174,0.9181818181818182,0.647170585022023,raw,3.0,6.5
random_forest,switzerland,dataset,smote,15,0.75,0.964914833003351,0.7347826086956523,0.2532025497322771,1742.52,123,,0.75,0.964914833003351,0.8861788617886179,0.9719626168224299,0.9043478260869565,0.9369369369369369,0.5285687924795116,raw,3.0,6.5
random_forest,switzerland,default,native,15,0.6309782608695652,0.9545921831794212,0.6260869565217392,0.29883200482503625,12.23,123,,0.6309782608695652,0.9545921831794212,0.926829268292683,0.9344262295081968,0.991304347826087,0.9620253164556962,0.8688888888888888,raw,3.0,6.5
random_forest,switzerland,default,smote,15,0.7206521739130435,0.9657372277539883,0.7014492753623188,0.25910838670265257,13.42,123,,0.7206521739130435,0.9657372277539883,0.9105691056910569,0.940677966101695,0.9652173913043478,0.9527896995708155,0.8316666666666667,raw,3.0,6.5
random_forest,va_longbeach,competition,native,15,0.5107250954072904,0.7491330815762738,0.5,0.0,18.9,200,,0.5107250954072904,0.7491330815762738,0.745,0.7474747474747475,0.9932885906040269,0.8530259365994236,0.5026349776608662,raw,3.0,25.5
random_forest,va_longbeach,competition,smote,15,0.6331754178181339,0.8294725104218998,0.595695576454197,0.12115298120775354,18.75,200,,0.6331754178181339,0.8294725104218998,0.585,0.84375,0.5436241610738255,0.6612244897959184,0.500079921098234,raw,3.0,25.5
random_forest,va_longbeach,dataset,native,15,0.6704829582839846,0.8370354381949267,0.6734817136886103,0.09134687735751269,2940.11,200,,0.6704829582839846,0.8370354381949267,0.69,0.8222222222222222,0.7449664429530202,0.7816901408450704,0.5082595495781139,raw,3.0,25.5
random_forest,va_longbeach,dataset,smote,15,0.7165416502171339,0.876529527256005,0.697647857889237,0.05883478352560712,2630.88,200,,0.7165416502171339,0.876529527256005,0.69,0.8175182481751825,0.7516778523489933,0.7832167832167832,0.6324508621063832,raw,3.0,25.5
random_forest,va_longbeach,default,native,15,0.6577181208053692,0.8165501859473483,0.6611957506095436,0.07859020831675526,12.77,200,,0.6577181208053692,0.8165501859473483,0.755,0.7808988764044944,0.9328859060402684,0.8501529051987767,0.6272222222222222,raw,3.0,25.5
random_forest,va_longbeach,default,smote,15,0.6816028424792736,0.8273480777611761,0.6751758969000348,0.07548854542229588,12.97,200,,0.6816028424792736,0.8273480777611761,0.76,0.8136645962732919,0.8791946308724832,0.8451612903225807,0.5580555555555555,raw,3.0,25.5
realmlp,cleveland,competition,native,10,0.8887085453588349,0.8730063380087081,0.8942974305106656,0.04005256885332898,6.99,303,45.9,0.8887085453588349,0.8730063380087081,0.8745874587458746,0.8740740740740741,0.8489208633093526,0.8613138686131386,0.512864351272583,,,
realmlp,cleveland,competition,smote,10,0.8945867696087033,0.89170481923203,0.9037390917905623,0.044766970063422735,7.26,303,45.9,0.8945867696087033,0.89170481923203,0.8778877887788779,0.8805970149253731,0.8489208633093526,0.8644688644688645,0.4963219463825226,raw,3.0,
realmlp,cleveland,dataset,native,10,0.8887085453588349,0.8730063380087081,0.8942974305106656,0.04005256885332898,79.56,303,,0.8887085453588349,0.8730063380087081,0.8745874587458746,0.8740740740740741,0.8489208633093526,0.8613138686131386,0.512864351272583,raw,3.0,45.87
realmlp,cleveland,dataset,smote,10,0.8907264432356553,0.8846956153031518,0.9087447478991596,0.047714151000668954,72.21,303,,0.8907264432356553,0.8846956153031518,0.8844884488448845,0.9126984126984127,0.8273381294964028,0.8679245283018868,0.5082788467407227,raw,3.0,45.87
realmlp,cleveland,default,native,10,0.8887085453588349,0.8730063380087081,0.8942974305106656,0.04005256885332898,7.0,303,45.9,0.8887085453588349,0.8730063380087081,0.8745874587458746,0.8740740740740741,0.8489208633093526,0.8613138686131386,0.512864351272583,,,
realmlp,cleveland,default,smote,10,0.8912967187225829,0.885141287324756,0.9091911764705882,0.04699409493612893,6.55,303,45.9,0.8912967187225829,0.885141287324756,0.8844884488448845,0.9126984126984127,0.8273381294964028,0.8679245283018868,0.5081016421318054,,,
realmlp,hungarian,competition,native,10,0.885337213970293,0.872396177668931,0.8852737905369485,0.07348464343745159,27.57,294,,0.885337213970293,0.872396177668931,0.8945578231292517,0.8712871287128713,0.8301886792452831,0.8502415458937198,0.5024108290672302,raw,3.0,36.05
realmlp,hungarian,competition,smote,10,0.8838317944600562,0.8381712249544665,0.8800000000000001,0.0372712087803757,30.58,294,,0.8838317944600562,0.8381712249544665,0.8809523809523809,0.8317757009345794,0.839622641509434,0.8356807511737089,0.5000756978988647,raw,3.0,36.05
realmlp,hungarian,dataset,native,10,0.885337213970293,0.872396177668931,0.8852737905369485,0.07348464343745159,84.76,294,,0.885337213970293,0.872396177668931,0.8945578231292517,0.8712871287128713,0.8301886792452831,0.8502415458937198,0.5024108290672302,raw,3.0,36.05
realmlp,hungarian,dataset,smote,10,0.8838317944600562,0.8381712249544665,0.8800000000000001,0.0372712087803757,92.32,294,,0.8838317944600562,0.8381712249544665,0.8809523809523809,0.8317757009345794,0.839622641509434,0.8356807511737089,0.5000756978988647,raw,3.0,36.05
realmlp,hungarian,default,native,10,0.885337213970293,0.872396177668931,0.8852737905369485,0.07348464343745159,26.12,294,,0.885337213970293,0.872396177668931,0.8945578231292517,0.8712871287128713,0.8301886792452831,0.8502415458937198,0.5024108290672302,raw,3.0,36.05
realmlp,hungarian,default,smote,10,0.8838317944600562,0.8381712249544665,0.8800000000000001,0.0372712087803757,31.36,294,,0.8838317944600562,0.8381712249544665,0.8809523809523809,0.8317757009345794,0.839622641509434,0.8356807511737089,0.5000756978988647,raw,3.0,36.05
realmlp,switzerland,competition,native,15,0.6880434782608695,0.9491009613195972,0.6173913043478261,0.28947075971665753,25.69,123,,0.6880434782608695,0.9491009613195972,0.9349593495934959,0.9495798319327731,0.9826086956521739,0.9658119658119658,0.7639179825782776,raw,3.0,6.5
realmlp,switzerland,competition,smote,15,0.7271739130434782,0.9696780587719086,0.6913043478260869,0.2868906380230195,25.89,123,,0.7271739130434782,0.9696780587719086,0.926829268292683,0.9491525423728814,0.9739130434782609,0.9613733905579399,0.8211526075998942,raw,3.0,6.5
realmlp,switzerland,dataset,native,15,0.6880434782608695,0.9491009613195972,0.6173913043478261,0.28947075971665753,106.59,123,,0.6880434782608695,0.9491009613195972,0.9349593495934959,0.9495798319327731,0.9826086956521739,0.9658119658119658,0.7639179825782776,raw,3.0,6.5
realmlp,switzerland,dataset,smote,15,0.7271739130434782,0.9696780587719086,0.6913043478260869,0.2868906380230195,99.45,123,,0.7271739130434782,0.9696780587719086,0.926829268292683,0.9491525423728814,0.9739130434782609,0.9613733905579399,0.8211526075998942,raw,3.0,6.5
realmlp,switzerland,default,native,15,0.6880434782608695,0.9491009613195972,0.6173913043478261,0.28947075971665753,25.76,123,,0.6880434782608695,0.9491009613195972,0.9349593495934959,0.9495798319327731,0.9826086956521739,0.9658119658119658,0.7639179825782776,raw,3.0,6.5
realmlp,switzerland,default,smote,15,0.7271739130434782,0.9696780587719086,0.6913043478260869,0.2868906380230195,25.12,123,,0.7271739130434782,0.9696780587719086,0.926829268292683,0.9491525423728814,0.9739130434782609,0.9613733905579399,0.8211526075998942,raw,3.0,6.5
realmlp,va_longbeach,competition,native,15,0.7279905250690881,0.8509765374562701,0.6940184604667364,0.08725508276982451,7.64,200,,0.7279905250690881,0.8509765374562701,0.78,0.8,0.9395973154362416,0.8641975308641975,0.6754883527755737,raw,3.0,25.5
realmlp,va_longbeach,competition,smote,15,0.692327937886564,0.830703249513961,0.689312086381052,0.07289668714155641,6.26,200,,0.692327937886564,0.830703249513961,0.79,0.8057142857142857,0.9463087248322147,0.8703703703703703,0.6326013008753458,raw,3.0,25.5
realmlp,va_longbeach,dataset,native,15,0.7279905250690881,0.8509765374562701,0.6940184604667364,0.08725508276982451,30.37,200,,0.7279905250690881,0.8509765374562701,0.78,0.8,0.9395973154362416,0.8641975308641975,0.6754883527755737,raw,3.0,25.5
realmlp,va_longbeach,dataset,smote,15,0.692327937886564,0.830703249513961,0.689312086381052,0.07289668714155641,30.01,200,,0.692327937886564,0.830703249513961,0.79,0.8057142857142857,0.9463087248322147,0.8703703703703703,0.6326013008753458,raw,3.0,25.5
realmlp,va_longbeach,default,native,15,0.7279905250690881,0.8509765374562701,0.6940184604667364,0.08725508276982451,7.91,200,,0.7279905250690881,0.8509765374562701,0.78,0.8,0.9395973154362416,0.8641975308641975,0.6754883527755737,raw,3.0,25.5
realmlp,va_longbeach,default,smote,15,0.692327937886564,0.830703249513961,0.689312086381052,0.07289668714155641,6.35,200,,0.692327937886564,0.830703249513961,0.79,0.8057142857142857,0.9463087248322147,0.8703703703703703,0.6326013008753458,raw,3.0,25.5
ridge,cleveland,competition,native,10,0.9051149324442884,0.901873360413312,0.9054197640594699,0.04669553520390674,0.79,303,45.9,0.9051149324442884,0.901873360413312,0.7854785478547854,0.9512195121951219,0.5611510791366906,0.7058823529411765,0.20721573205417168,,,
ridge,cleveland,competition,smote,10,0.9045885243025091,0.9007253322503203,0.9049672753716871,0.044123187250032024,0.8,303,45.9,0.9045885243025091,0.9007253322503203,0.834983498349835,0.8449612403100775,0.7841726618705036,0.8134328358208955,0.5646569756012279,raw,3.0,
ridge,cleveland,dataset,native,10,0.908097911914371,0.9052507277591068,0.9081508564964448,0.050165222357505916,334.39,303,,0.908097911914371,0.9052507277591068,0.8316831683168316,0.8384615384615385,0.7841726618705036,0.8104089219330854,0.5255251355579322,raw,3.0,45.87
ridge,cleveland,dataset,smote,10,0.9070889629759606,0.9044242084574534,0.9085387039431156,0.04915990977078669,337.42,303,,0.9070889629759606,0.9044242084574534,0.8283828382838284,0.8320610687022901,0.7841726618705036,0.8074074074074075,0.5167926046848986,raw,3.0,45.87
ridge,cleveland,default,native,10,0.9051149324442884,0.901873360413312,0.9054197640594699,0.04669553520390674,0.79,303,45.9,0.9051149324442884,0.901873360413312,0.7854785478547854,0.9512195121951219,0.5611510791366906,0.7058823529411765,0.20721573205417168,,,
ridge,cleveland,default,smote,10,0.9049394630636954,0.9024647726637971,0.9066479476405946,0.046912648571514094,0.79,303,45.9,0.9049394630636954,0.9024647726637971,0.7821782178217822,0.9506172839506173,0.5539568345323741,0.7,0.19656716700807125,,,
ridge,hungarian,competition,native,10,0.8989863508631072,0.8558042925239531,0.8966081871345029,0.042517759899977026,1.55,294,,0.8989863508631072,0.8558042925239531,0.8299319727891157,0.7745098039215687,0.7452830188679245,0.7596153846153846,0.44707583718398386,raw,3.0,36.05
ridge,hungarian,competition,smote,10,0.9006423123243678,0.8550653444256133,0.8976023391812864,0.04020959289122363,1.52,294,,0.9006423123243678,0.8550653444256133,0.8401360544217688,0.797979797979798,0.7452830188679245,0.7707317073170732,0.4541219621048284,raw,3.0,36.05
ridge,hungarian,dataset,native,10,0.9010437575270975,0.861123146711844,0.8990483785220628,0.04320487813300994,448.57,294,,0.9010437575270975,0.861123146711844,0.8469387755102041,0.8080808080808081,0.7547169811320755,0.7804878048780488,0.4415746548529893,raw,3.0,36.05
ridge,hungarian,dataset,smote,10,0.9010939381774389,0.8581694835375374,0.8973205741626794,0.040249840057441776,459.5,294,,0.9010939381774389,0.8581694835375374,0.8435374149659864,0.8,0.7547169811320755,0.7766990291262136,0.4574976811635803,raw,3.0,36.05
ridge,hungarian,default,native,10,0.8989863508631072,0.8558042925239531,0.8966081871345029,0.042517759899977026,1.51,294,,0.8989863508631072,0.8558042925239531,0.8299319727891157,0.7745098039215687,0.7452830188679245,0.7596153846153846,0.44707583718398386,raw,3.0,36.05
ridge,hungarian,default,smote,10,0.9006423123243678,0.8550653444256133,0.8976023391812864,0.04020959289122363,1.5,294,,0.9006423123243678,0.8550653444256133,0.8401360544217688,0.797979797979798,0.7452830188679245,0.7707317073170732,0.4541219621048284,raw,3.0,36.05
ridge,switzerland,competition,native,15,0.6728260869565217,0.9605291314145259,0.6420289855072464,0.270925351533886,2.65,123,,0.6728260869565217,0.9605291314145259,0.7723577235772358,0.9578947368421052,0.7913043478260869,0.8666666666666667,0.4756442624442993,raw,3.0,6.5
ridge,switzerland,competition,smote,15,0.708695652173913,0.9624461813105514,0.6768115942028986,0.27872093609637855,3.36,123,,0.708695652173913,0.9624461813105514,0.8617886178861789,0.9537037037037037,0.8956521739130435,0.9237668161434978,0.5457339940845259,raw,3.0,6.5
ridge,switzerland,dataset,native,15,0.4989130434782609,0.9397318596958706,0.6079710144927536,0.2725196519932779,231.22,123,,0.4989130434782609,0.9397318596958706,0.6666666666666666,0.9404761904761905,0.6869565217391305,0.7939698492462312,0.3886765467422975,raw,3.0,6.5
ridge,switzerland,dataset,smote,15,0.7076086956521739,0.9632587231832537,0.7,0.26281880451665063,298.99,123,,0.7076086956521739,0.9632587231832537,0.8617886178861789,0.9537037037037037,0.8956521739130435,0.9237668161434978,0.5874971086506455,raw,3.0,6.5
ridge,switzerland,default,native,15,0.6728260869565217,0.9605291314145259,0.6420289855072464,0.270925351533886,2.34,123,,0.6728260869565217,0.9605291314145259,0.7723577235772358,0.9578947368421052,0.7913043478260869,0.8666666666666667,0.4756442624442993,raw,3.0,6.5
ridge,switzerland,default,smote,15,0.708695652173913,0.9624461813105514,0.6768115942028986,0.27872093609637855,3.37,123,,0.708695652173913,0.9624461813105514,0.8617886178861789,0.9537037037037037,0.8956521739130435,0.9237668161434978,0.5457339940845259,raw,3.0,6.5
ridge,va_longbeach,competition,native,15,0.6723253059613107,0.8181905602288055,0.6761138975966562,0.08304666111103806,2.46,200,,0.6723253059613107,0.8181905602288055,0.67,0.8373983739837398,0.6912751677852349,0.7573529411764706,0.5279786855435687,raw,3.0,25.5
ridge,va_longbeach,competition,smote,15,0.6686406106066588,0.8175888051304298,0.6777063740856843,0.08416149331983458,2.53,200,,0.6686406106066588,0.8175888051304298,0.675,0.8181818181818182,0.7248322147651006,0.7686832740213523,0.5418363416863691,raw,3.0,25.5
ridge,va_longbeach,dataset,native,15,0.6794315041452824,0.8204789328485653,0.6865980494601184,0.08378349937541199,389.95,200,,0.6794315041452824,0.8204789328485653,0.67,0.8373983739837398,0.6912751677852349,0.7573529411764706,0.4810386116349097,raw,3.0,25.5
ridge,va_longbeach,dataset,smote,15,0.6729832872746414,0.8207858751564233,0.6800344827586208,0.08215828188650597,396.75,200,,0.6729832872746414,0.8207858751564233,0.675,0.823076923076923,0.7181208053691275,0.7670250896057348,0.4494267524515272,raw,3.0,25.5
ridge,va_longbeach,default,native,15,0.6723253059613107,0.8181905602288055,0.6761138975966562,0.08304666111103806,2.71,200,,0.6723253059613107,0.8181905602288055,0.67,0.8373983739837398,0.6912751677852349,0.7573529411764706,0.5279786855435687,raw,3.0,25.5
ridge,va_longbeach,default,smote,15,0.6686406106066588,0.8175888051304298,0.6777063740856843,0.08416149331983458,2.63,200,,0.6686406106066588,0.8175888051304298,0.675,0.8181818181818182,0.7248322147651006,0.7686832740213523,0.5418363416863691,raw,3.0,25.5
svm,cleveland,competition,native,10,0.8971530092998772,0.8909057691043121,0.9009312378797674,0.055395748705309375,0.82,303,45.9,0.8971530092998772,0.8909057691043121,0.8151815181518152,0.8217054263565892,0.762589928057554,0.7910447761194029,0.6220669348719821,,,
svm,cleveland,competition,smote,10,0.8974381470433409,0.8912916407430677,0.9000909017453134,0.052617281029299544,0.96,303,45.9,0.8974381470433409,0.8912916407430677,0.8184818481848185,0.8181818181818182,0.7769784172661871,0.7970479704797048,0.6418795710113757,,,
svm,cleveland,dataset,native,10,0.8948938410247411,0.8954985818706224,0.9070963962508081,0.04853890448883903,284.01,303,45.9,0.8948938410247411,0.8954985818706224,0.8052805280528053,0.8333333333333334,0.7194244604316546,0.7722007722007722,0.41079767979822135,,,
svm,cleveland,dataset,smote,10,0.9048078610282505,0.9029937075061161,0.9124454589528119,0.0475079608701117,298.07,303,45.9,0.9048078610282505,0.9029937075061161,0.8250825082508251,0.8257575757575758,0.7841726618705036,0.8044280442804428,0.6598811448554922,,,
svm,cleveland,default,native,10,0.8933584839445516,0.8810729327570992,0.8975113122171944,0.04938339053311542,0.94,303,45.9,0.8933584839445516,0.8810729327570992,0.8283828382838284,0.8175182481751825,0.8057553956834532,0.8115942028985508,0.5552626442817943,,,
svm,cleveland,default,smote,10,0.8936216880154412,0.8829967555627256,0.8983253878474466,0.04524323130145534,0.95,303,45.9,0.8936216880154412,0.8829967555627256,0.8250825082508251,0.8161764705882353,0.7985611510791367,0.8072727272727273,0.5227561584221911,,,
svm,hungarian,competition,native,10,0.9032015254917705,0.8572614590541107,0.9023498139287612,0.040389577422056754,0.95,294,36.1,0.9032015254917705,0.8572614590541107,0.8537414965986394,0.8315789473684211,0.7452830188679245,0.7860696517412935,0.43324953833414487,,,
svm,hungarian,competition,smote,10,0.9065636290646327,0.8573158957550897,0.9038118022328548,0.040237148324383284,0.96,294,36.1,0.9065636290646327,0.8573158957550897,0.8401360544217688,0.7920792079207921,0.7547169811320755,0.7729468599033816,0.34934639515105476,,,
svm,hungarian,dataset,native,10,0.9010939381774388,0.8533534608063875,0.9017703349282297,0.04056793370480329,277.45,294,36.1,0.9010939381774388,0.8533534608063875,0.8537414965986394,0.8315789473684211,0.7452830188679245,0.7860696517412935,0.25038412343862765,,,
svm,hungarian,dataset,smote,10,0.9027498996386993,0.8570287580967133,0.9,0.04388240351867253,283.6,294,36.1,0.9027498996386993,0.8570287580967133,0.8469387755102041,0.7961165048543689,0.7735849056603774,0.784688995215311,0.3018581386900935,,,
svm,hungarian,default,native,10,0.8944199116820554,0.8300186916659901,0.8944391281233386,0.04681224174364529,0.94,294,36.1,0.8944199116820554,0.8300186916659901,0.8537414965986394,0.8315789473684211,0.7452830188679245,0.7860696517412935,0.29939434739501064,,,
svm,hungarian,default,smote,10,0.8946206342834203,0.8295907402294848,0.8967410951621477,0.04862298709578429,0.95,294,36.1,0.8946206342834203,0.8295907402294848,0.8469387755102041,0.801980198019802,0.7641509433962265,0.782608695652174,0.43734608342284015,,,
svm,switzerland,competition,native,15,0.6315217391304347,0.9409794159522001,0.5231884057971015,0.31165823406806353,1.38,123,93.5,0.6315217391304347,0.9409794159522001,0.9349593495934959,0.9349593495934959,1.0,0.9663865546218487,0.9161717576115432,,,
svm,switzerland,competition,smote,15,0.6902173913043478,0.9604702668852787,0.6333333333333333,0.2858638250006887,1.46,123,93.5,0.6902173913043478,0.9604702668852787,0.8373983739837398,0.9523809523809523,0.8695652173913043,0.9090909090909091,0.7320041266933991,,,
svm,switzerland,dataset,native,15,0.6282608695652174,0.9397532160631378,0.4652173913043478,0.2519989397963315,124.24,123,93.5,0.6282608695652174,0.9397532160631378,0.9349593495934959,0.9349593495934959,1.0,0.9663865546218487,0.9073995859801317,,,
svm,switzerland,dataset,smote,15,0.601086956521739,0.9312947679720246,0.531159420289855,0.27408743777392214,126.65,123,93.5,0.601086956521739,0.9312947679720246,0.8699186991869918,0.9541284403669725,0.9043478260869565,0.9285714285714286,0.610599872786097,,,
svm,switzerland,default,native,15,0.6097826086956522,0.9349415727135382,0.6405797101449276,0.2894780156231048,1.37,123,93.5,0.6097826086956522,0.9349415727135382,0.926829268292683,0.9344262295081968,0.991304347826087,0.9620253164556962,0.9041461794440747,,,
svm,switzerland,default,smote,15,0.6217391304347827,0.9445034743327412,0.6246376811594203,0.32954367512732685,1.44,123,93.5,0.6217391304347827,0.9445034743327412,0.9186991869918699,0.9411764705882353,0.9739130434782609,0.9572649572649573,0.9778538640156453,,,
svm,va_longbeach,competition,native,15,0.6549545992893802,0.8004444803877427,0.6457356321839082,0.12153447638774084,1.47,200,74.5,0.6549545992893802,0.8004444803877427,0.755,0.7525252525252525,1.0,0.8587896253602305,0.7312937161213428,,,
svm,va_longbeach,competition,smote,15,0.663113567574681,0.8083557504674342,0.6636405433646814,0.08771230823225924,1.49,200,74.5,0.663113567574681,0.8083557504674342,0.65,0.8264462809917356,0.6711409395973155,0.7407407407407407,0.4311259942975878,,,
svm,va_longbeach,dataset,native,15,0.6692985919199894,0.8135583583728488,0.6546962730755834,0.07915247337411473,211.61,200,74.5,0.6692985919199894,0.8135583583728488,0.755,0.7525252525252525,1.0,0.8587896253602305,0.7229890004455597,,,
svm,va_longbeach,dataset,smote,15,0.6789051190946177,0.826212545334529,0.6728812260536399,0.08322531349491864,214.75,200,74.5,0.6789051190946177,0.826212545334529,0.655,0.8225806451612904,0.6845637583892618,0.7472527472527473,0.4421343341628267,,,
svm,va_longbeach,default,native,15,0.683905777075931,0.844157217840015,0.6899578544061302,0.07537513775488137,1.39,200,74.5,0.683905777075931,0.844157217840015,0.76,0.7671957671957672,0.9731543624161074,0.8579881656804734,0.6650470946123587,,,
svm,va_longbeach,default,smote,15,0.674430846163969,0.8383462315250408,0.6778547544409612,0.08202796796482895,1.43,200,74.5,0.674430846163969,0.8383462315250408,0.75,0.8235294117647058,0.8456375838926175,0.8344370860927153,0.4182273864465835,,,
tabpfn,cleveland,competition,native,10,0.9117389015616774,0.9013019417859833,0.9153543148028443,0.04716166779006184,4.95,303,45.9,0.9117389015616774,0.9013019417859833,0.8382838283828383,0.8461538461538461,0.7913669064748201,0.8178438661710037,0.5946084856987,,,
tabpfn,cleveland,competition,smote,10,0.9109931566941569,0.9029169402770888,0.917697559793148,0.04340715166809668,7.5,303,45.9,0.9109931566941569,0.9029169402770888,0.8448844884488449,0.8650793650793651,0.7841726618705036,0.8226415094339623,0.5144075155258179,raw,3.0,
tabpfn,cleveland,dataset,native,10,0.9128794525355326,0.9019461425655568,0.9175985778926956,0.04331525016708549,19438.48,303,,0.9128794525355326,0.9019461425655568,0.8382838283828383,0.8515625,0.7841726618705036,0.8164794007490637,0.6007130742073059,raw,3.0,45.87
tabpfn,cleveland,dataset,smote,10,0.9115634321810844,0.9038428464735929,0.913194893341952,0.043337439418479846,13238.61,303,,0.9115634321810844,0.9038428464735929,0.8382838283828383,0.8515625,0.7841726618705036,0.8164794007490637,0.6015462875366211,raw,3.0,45.87
tabpfn,cleveland,default,native,10,0.9117389015616774,0.9013019417859833,0.9153543148028443,0.04716166779006184,4.84,303,45.9,0.9117389015616774,0.9013019417859833,0.8382838283828383,0.8461538461538461,0.7913669064748201,0.8178438661710037,0.5946084856987,,,
tabpfn,cleveland,default,smote,10,0.9120021056325671,0.9045135979264417,0.9177177601809954,0.038729843924273144,4.74,303,45.9,0.9120021056325671,0.9045135979264417,0.8514851485148515,0.8671875,0.7985611510791367,0.8314606741573034,0.49344325065612793,,,
tabpfn,hungarian,competition,native,10,0.9199116820553995,0.8544594680159472,0.9228814460393409,0.05747799859517139,11.94,294,,0.9199116820553995,0.8544594680159472,0.8571428571428571,0.8478260869565217,0.7358490566037735,0.7878787878787878,0.16880051791667938,raw,3.0,36.05
tabpfn,hungarian,competition,smote,10,0.9070654355680449,0.8313299534719716,0.906996278575226,0.05916311695718373,13.24,294,,0.9070654355680449,0.8313299534719716,0.8299319727891157,0.7745098039215687,0.7452830188679245,0.7596153846153846,0.3992023169994354,raw,3.0,36.05
tabpfn,hungarian,dataset,native,10,0.9175531914893617,0.8508538477376762,0.9204891015417331,0.056215927694348716,8739.56,294,,0.9175531914893617,0.8508538477376762,0.8571428571428571,0.8478260869565217,0.7358490566037735,0.7878787878787878,0.21326355636119843,raw,3.0,36.05
tabpfn,hungarian,dataset,smote,10,0.9082697711762344,0.8302757590256766,0.9119298245614035,0.0596711146761632,14272.41,294,,0.9082697711762344,0.8302757590256766,0.8367346938775511,0.7788461538461539,0.7641509433962265,0.7714285714285715,0.3346482813358307,raw,3.0,36.05
tabpfn,hungarian,default,native,10,0.9199116820553995,0.8544594680159472,0.9228814460393409,0.05747799859517139,13.9,294,,0.9199116820553995,0.8544594680159472,0.8571428571428571,0.8478260869565217,0.7358490566037735,0.7878787878787878,0.16880051791667938,raw,3.0,36.05
tabpfn,hungarian,default,smote,10,0.9070654355680449,0.8313299534719716,0.906996278575226,0.05916311695718373,13.89,294,,0.9070654355680449,0.8313299534719716,0.8299319727891157,0.7745098039215687,0.7452830188679245,0.7596153846153846,0.3992023169994354,raw,3.0,36.05
tabpfn,switzerland,competition,native,15,0.6934782608695652,0.9419877254885253,0.73768115942029,0.26140846109655913,17.07,123,,0.6934782608695652,0.9419877254885253,0.9349593495934959,0.9349593495934959,1.0,0.9663865546218487,0.9177334904670715,raw,3.0,6.5
tabpfn,switzerland,competition,smote,15,0.7141304347826087,0.957249057399273,0.7478260869565218,0.18998225632665441,20.68,123,,0.7141304347826087,0.957249057399273,0.9349593495934959,0.9349593495934959,1.0,0.9663865546218487,0.9699498812357584,raw,3.0,6.5
tabpfn,switzerland,dataset,native,15,0.7054347826086956,0.9516590144530972,0.7623188405797101,0.2206233174058327,5101.41,123,,0.7054347826086956,0.9516590144530972,0.9349593495934959,0.9349593495934959,1.0,0.9663865546218487,0.9212477604548136,raw,3.0,6.5
tabpfn,switzerland,dataset,smote,15,0.6565217391304348,0.9479536863808614,0.6869565217391305,0.25902731145216107,4920.54,123,,0.6565217391304348,0.9479536863808614,0.9349593495934959,0.9349593495934959,1.0,0.9663865546218487,0.9834443132082621,raw,3.0,6.5
tabpfn,switzerland,default,native,15,0.6934782608695652,0.9419877254885253,0.73768115942029,0.26140846109655913,17.42,123,,0.6934782608695652,0.9419877254885253,0.9349593495934959,0.9349593495934959,1.0,0.9663865546218487,0.9177334904670715,raw,3.0,6.5
tabpfn,switzerland,default,smote,15,0.7141304347826087,0.957249057399273,0.7478260869565218,0.18998225632665441,21.15,123,,0.7141304347826087,0.957249057399273,0.9349593495934959,0.9349593495934959,1.0,0.9663865546218487,0.9699498812357584,raw,3.0,6.5
tabpfn,va_longbeach,competition,native,15,0.6717989209106462,0.8292946998816894,0.6765611285266456,0.0792424615537086,22.2,200,,0.6717989209106462,0.8292946998816894,0.755,0.7551020408163265,0.9932885906040269,0.8579710144927536,0.6846992174784342,raw,3.0,25.5
tabpfn,va_longbeach,competition,smote,15,0.6639031451506776,0.81034250745719,0.6729818878439567,0.07953761637864634,24.02,200,,0.6639031451506776,0.81034250745719,0.765,0.8109756097560976,0.8926174496644296,0.8498402555910544,0.5638601978619894,raw,3.0,25.5
tabpfn,va_longbeach,dataset,native,15,0.6723253059613107,0.8300883646971172,0.6800003483106931,0.07996260050695222,6284.84,200,,0.6723253059613107,0.8300883646971172,0.755,0.7551020408163265,0.9932885906040269,0.8579710144927536,0.7189285159111023,raw,3.0,25.5
tabpfn,va_longbeach,dataset,smote,15,0.6685090143439927,0.8136486469208319,0.6756457680250784,0.07793216701669581,3270.52,200,,0.6685090143439927,0.8136486469208319,0.75,0.803680981595092,0.8791946308724832,0.8397435897435898,0.5745212535063425,raw,3.0,25.5
tabpfn,va_longbeach,default,native,15,0.6717989209106462,0.8292946998816894,0.6765611285266456,0.0792424615537086,20.81,200,,0.6717989209106462,0.8292946998816894,0.755,0.7551020408163265,0.9932885906040269,0.8579710144927536,0.6846992174784342,raw,3.0,25.5
tabpfn,va_longbeach,default,smote,15,0.6639031451506776,0.81034250745719,0.6729818878439567,0.07953761637864634,24.07,200,,0.6639031451506776,0.81034250745719,0.765,0.8109756097560976,0.8926174496644296,0.8498402555910544,0.5638601978619894,raw,3.0,25.5
xgboost,cleveland,competition,native,10,0.8621249341989824,0.8442742087404276,0.8665340174531352,0.044313124875281704,58.81,303,45.9,0.8621249341989824,0.8442742087404276,0.7887788778877888,0.7819548872180451,0.7482014388489209,0.7647058823529411,0.32760629057884216,,,
xgboost,cleveland,competition,smote,10,0.8633970872082822,0.8465701998943096,0.8647745636716225,0.04524516474127544,59.84,303,45.9,0.8633970872082822,0.8465701998943096,0.7986798679867987,0.7910447761194029,0.762589928057554,0.7765567765567766,0.32501718401908875,raw,3.0,
xgboost,cleveland,dataset,native,10,0.8798473416388841,0.8651974155956541,0.9236910148674854,0.03650554402241548,3882.38,303,,0.8798473416388841,0.8651974155956541,0.8283828382838284,0.8320610687022901,0.7841726618705036,0.8074074074074075,0.49494272470474243,raw,3.0,45.87
xgboost,cleveland,dataset,smote,10,0.8875460607124057,0.8821717813974027,0.9319822640594699,0.04045867196584116,5326.41,303,,0.8875460607124057,0.8821717813974027,0.8382838283828383,0.8515625,0.7841726618705036,0.8164794007490637,0.4959636330604553,raw,3.0,45.87
xgboost,cleveland,default,native,10,0.8815143007545183,0.8634574982061247,0.8882029734970912,0.03852213559983288,12.73,303,45.9,0.8815143007545183,0.8634574982061247,0.8184818481848185,0.823076923076923,0.7697841726618705,0.7955390334572491,0.39615339040756226,,,
xgboost,cleveland,default,smote,10,0.8831812598701527,0.866033353982088,0.8881443923723336,0.03893245967487831,12.73,303,45.9,0.8831812598701527,0.866033353982088,0.8250825082508251,0.8257575757575758,0.7841726618705036,0.8044280442804428,0.3936532735824585,,,
xgboost,hungarian,competition,native,10,0.8574367723805703,0.7935164912131888,0.8521212121212122,0.05765375207305988,271.51,294,,0.8574367723805703,0.7935164912131888,0.7959183673469388,0.7090909090909091,0.7358490566037735,0.7222222222222222,0.4400008022785187,raw,3.0,36.05
xgboost,hungarian,competition,smote,10,0.8476515455640306,0.7799583416327921,0.8376236044657096,0.059114665377164505,263.41,294,,0.8476515455640306,0.7799583416327921,0.7891156462585034,0.6929824561403509,0.7452830188679245,0.7181818181818181,0.525233268737793,raw,3.0,36.05
xgboost,hungarian,dataset,native,10,0.8734443998394218,0.8237573229140212,0.9076023391812866,0.06829205050861299,3006.47,294,,0.8734443998394218,0.8237573229140212,0.8299319727891157,0.75,0.7924528301886793,0.7706422018348624,0.4900294244289398,raw,3.0,36.05
xgboost,hungarian,dataset,smote,10,0.856006623845845,0.7724287143214169,0.9104997341839447,0.04535987230708376,2191.18,294,,0.856006623845845,0.7724287143214169,0.8401360544217688,0.797979797979798,0.7452830188679245,0.7707317073170732,0.499493807554245,raw,3.0,36.05
xgboost,hungarian,default,native,10,0.8640104375752711,0.8035158967215211,0.8651408825093035,0.06032302400487196,59.37,294,,0.8640104375752711,0.8035158967215211,0.8095238095238095,0.7272727272727273,0.7547169811320755,0.7407407407407407,0.46839332580566406,raw,3.0,36.05
xgboost,hungarian,default,smote,10,0.8553291850662385,0.7868580465434709,0.8491228070175438,0.0651241219882383,62.44,294,,0.8553291850662385,0.7868580465434709,0.8061224489795918,0.7289719626168224,0.7358490566037735,0.7323943661971831,0.2092873752117157,raw,3.0,36.05
xgboost,switzerland,competition,native,15,0.7586956521739131,0.979562482318592,0.7434782608695653,0.142043773261517,275.55,123,,0.7586956521739131,0.979562482318592,0.8048780487804879,0.9595959595959596,0.8260869565217391,0.8878504672897196,0.7470432122548422,raw,3.0,6.5
xgboost,switzerland,competition,smote,15,0.6782608695652175,0.9645391193544259,0.6608695652173913,0.25658314175455915,345.58,123,,0.6782608695652175,0.9645391193544259,0.8943089430894309,0.9473684210526315,0.9391304347826087,0.9432314410480349,0.9479344288508097,raw,3.0,6.5
xgboost,switzerland,dataset,native,15,0.6505434782608696,0.9635773670173959,0.726086956521739,0.2174709998845829,907.52,123,,0.6505434782608696,0.9635773670173959,0.8617886178861789,0.9537037037037037,0.8956521739130435,0.9237668161434978,0.5060702363650004,raw,3.0,6.5
xgboost,switzerland,dataset,smote,15,0.7902173913043478,0.9684757150679153,0.8608695652173913,0.14946870833056097,1108.38,123,,0.7902173913043478,0.9684757150679153,0.8943089430894309,0.9722222222222222,0.9130434782608695,0.9417040358744395,0.5079717437426249,raw,3.0,6.5
xgboost,switzerland,default,native,15,0.7836956521739131,0.9823944583813327,0.777536231884058,0.13358907420796834,36.42,123,,0.7836956521739131,0.9823944583813327,0.7723577235772358,0.9578947368421052,0.7913043478260869,0.8666666666666667,0.7337133288383484,raw,3.0,6.5
xgboost,switzerland,default,smote,15,0.65,0.9595449075196807,0.6507246376811595,0.2562964703177406,59.73,123,,0.65,0.9595449075196807,0.9105691056910569,0.9482758620689655,0.9565217391304348,0.9523809523809523,0.801001250743866,raw,3.0,6.5
xgboost,va_longbeach,competition,native,15,0.6061323858402422,0.8011287534455479,0.6039132706374085,0.09626371972917022,369.85,200,,0.6061323858402422,0.8011287534455479,0.66,0.7755102040816326,0.7651006711409396,0.7702702702702703,0.38095420350631076,raw,3.0,25.5
xgboost,va_longbeach,competition,smote,15,0.6123174101855509,0.8018948483231669,0.6108711250435388,0.08141055669901763,366.18,200,,0.6123174101855509,0.8018948483231669,0.68,0.785234899328859,0.785234899328859,0.785234899328859,0.6579843610525131,raw,3.0,25.5
xgboost,va_longbeach,dataset,native,15,0.696933807079879,0.8602983898567802,0.7235012190874259,0.0858047548229278,2201.83,200,,0.696933807079879,0.8602983898567802,0.725,0.8309859154929577,0.7919463087248322,0.8109965635738832,0.5057161847750345,raw,3.0,25.5
xgboost,va_longbeach,dataset,smote,15,0.6761415975786287,0.8362814896828434,0.7354284221525601,0.08561174381266484,2155.33,200,,0.6761415975786287,0.8362814896828434,0.73,0.8145695364238411,0.825503355704698,0.82,0.5200472275416056,raw,3.0,25.5
xgboost,va_longbeach,default,native,15,0.6315304645348072,0.8157179221317686,0.6292835249042147,0.07912401530509193,78.94,200,,0.6315304645348072,0.8157179221317686,0.685,0.7945205479452054,0.7785234899328859,0.7864406779661017,0.36431767294804257,raw,3.0,25.5
xgboost,va_longbeach,default,smote,15,0.6521910777733912,0.8191781841511894,0.6486008359456634,0.06933317981335654,81.62,200,,0.6521910777733912,0.8191781841511894,0.72,0.803921568627451,0.825503355704698,0.8145695364238411,0.4501764550805092,raw,3.0,25.5
